순번,지역본부,관리부서,지역,명,주소,호,주택군,주택열람일정,공급형,성별용도,확장면적,"전용
면적","주거공용
면적",면적계,방수,층수,"승강기
유무",주택유형,청년수급자_임대보증금,청년수급자_월임대료,청년일반_임대보증금,청년일반_월임대료,비고
1,부산울산지역본부,부산서부권주거복지지사(주거복지사업처),부산광역시,매입다가구(부산남구),부산광역시 남구 유엔평화로41번길 70-1(대연동) 센텀뷰5,202,부산남구,열람불가(계약 전 주택 개방),단독(1인),남여공용,0.0000,17.5600,4.6893,22.2493,1,2층,N,도시형생활주택(원룸형),"1,000,000 ","147,750 ","2,000,000 ","177,620 ",
2,부산울산지역본부,부산서부권주거복지지사(주거복지사업처),부산광역시,매입다가구(부산남구),부산광역시 남구 유엔평화로41번길 70-1(대연동) 센텀뷰5,203,부산남구,열람불가(계약 전 주택 개방),단독(1인),남여공용,0.0000,16.3500,4.3662,20.7162,1,2층,N,도시형생활주택(원룸형),"1,000,000 ","137,120 ","2,000,000 ","164,470 ",
3,부산울산지역본부,부산서부권주거복지지사(주거복지사업처),부산광역시,매입다가구(부산남구),부산광역시 남구 유엔평화로41번길 70-1(대연동) 센텀뷰5,501,부산남구,열람불가(계약 전 주택 개방),단독(1인),남여공용,0.0000,15.0000,4.0057,19.0057,1,5층,N,도시형생활주택(원룸형),"1,000,000 ","126,750 ","2,000,000 ","151,680 ",
4,부산울산지역본부,부산서부권주거복지지사(주거복지사업처),부산광역시,매입다가구(부산부산진구),"부산광역시 부산진구 가야대로406번길 15-4(개금동,상우다솜) ",203,부산진구,열람불가(계약 전 주택 개방),단독(1인),남여공용,0.0000,27.0200,12.8860,39.9060,1,2층,Y,도시형생활주택(원룸형),"1,000,000 ","235,480 ","2,000,000 ","286,350 ",공용관리비 높음(자체관리소 보유)
5,부산울산지역본부,부산서부권주거복지지사(주거복지사업처),부산광역시,매입다가구(부산부산진구),"부산광역시 부산진구 가야대로406번길 15-4(개금동,상우다솜) ",204,부산진구,열람불가(계약 전 주택 개방),단독(1인),남여공용,0.0000,27.0200,12.8860,39.9060,1,2층,Y,도시형생활주택(원룸형),"1,000,000 ","235,480 ","2,000,000 ","286,350 ",공용관리비 높음(자체관리소 보유)
6,부산울산지역본부,부산서부권주거복지지사(주거복지사업처),부산광역시,매입다가구(부산부산진구),"부산광역시 부산진구 가야대로406번길 15-4(개금동,상우다솜) ",205,부산진구,열람불가(계약 전 주택 개방),단독(1인),남여공용,0.0000,27.0200,12.8860,39.9060,1,2층,Y,도시형생활주택(원룸형),"1,000,000 ","235,480 ","2,000,000 ","286,350 ",공용관리비 높음(자체관리소 보유)
7,부산울산지역본부,부산서부권주거복지지사(주거복지사업처),부산광역시,매입다가구(부산부산진구),"부산광역시 부산진구 가야대로406번길 15-4(개금동,상우다솜) ",206,부산진구,열람불가(계약 전 주택 개방),단독(1인),남여공용,0.0000,27.0200,12.8860,39.9060,1,2층,Y,도시형생활주택(원룸형),"1,000,000 ","235,480 ","2,000,000 ","286,350 ",공용관리비 높음(자체관리소 보유)
8,부산울산지역본부,부산서부권주거복지지사(주거복지사업처),부산광역시,매입다가구(부산부산진구),"부산광역시 부산진구 가야대로406번길 15-4(개금동,상우다솜) ",207,부산진구,열람불가(계약 전 주택 개방),단독(1인),남여공용,0.0000,27.0200,12.8860,39.9060,1,2층,Y,도시형생활주택(원룸형),"1,000,000 ","235,480 ","2,000,000 ","286,350 ",공용관리비 높음(자체관리소 보유)
9,부산울산지역본부,부산서부권주거복지지사(주거복지사업처),부산광역시,매입다가구(부산부산진구),"부산광역시 부산진구 가야대로406번길 15-4(개금동,상우다솜) ",208,부산진구,열람불가(계약 전 주택 개방),단독(1인),남여공용,0.0000,27.0200,12.8860,39.9060,1,2층,Y,도시형생활주택(원룸형),"1,000,000 ","235,480 ","2,000,000 ","286,350 ",공용관리비 높음(자체관리소 보유)
10,부산울산지역본부,부산서부권주거복지지사(주거복지사업처),부산광역시,매입다가구(부산부산진구),"부산광역시 부산진구 가야대로406번길 15-4(개금동,상우다솜) ",209,부산진구,열람불가(계약 전 주택 개방),단독(1인),남여공용,0.0000,27.0200,12.8860,39.9060,1,2층,Y,도시형생활주택(원룸형),"1,000,000 ","235,480 ","2,000,000 ","286,350 ",공용관리비 높음(자체관리소 보유)
11,부산울산지역본부,부산서부권주거복지지사(주거복지사업처),부산광역시,매입다가구(부산부산진구),"부산광역시 부산진구 가야대로406번길 15-4(개금동,상우다솜) ",210,부산진구,열람불가(계약 전 주택 개방),단독(1인),남여공용,0.0000,27.0200,12.8860,39.9060,1,2층,Y,도시형생활주택(원룸형),"1,000,000 ","235,480 ","2,000,000 ","286,350 ",공용관리비 높음(자체관리소 보유)
12,부산울산지역본부,부산서부권주거복지지사(주거복지사업처),부산광역시,매입다가구(부산부산진구),"부산광역시 부산진구 가야대로406번길 15-4(개금동,상우다솜) ",214,부산진구,열람불가(계약 전 주택 개방),단독(1인),남여공용,0.0000,27.0200,12.8860,39.9060,1,2층,Y,도시형생활주택(원룸형),"1,000,000 ","230,550 ","2,000,000 ","280,170 ",공용관리비 높음(자체관리소 보유)
13,부산울산지역본부,부산서부권주거복지지사(주거복지사업처),부산광역시,매입다가구(부산부산진구),"부산광역시 부산진구 가야대로406번길 15-4(개금동,상우다솜) ",217,부산진구,열람불가(계약 전 주택 개방),단독(1인),남여공용,0.0000,27.0200,12.8860,39.9060,1,2층,Y,도시형생활주택(원룸형),"1,000,000 ","230,550 ","2,000,000 ","280,170 ",공용관리비 높음(자체관리소 보유)
14,부산울산지역본부,부산서부권주거복지지사(주거복지사업처),부산광역시,매입다가구(부산부산진구),"부산광역시 부산진구 가야대로406번길 15-4(개금동,상우다솜) ",218,부산진구,열람불가(계약 전 주택 개방),단독(1인),남여공용,0.0000,27.0200,12.8860,39.9060,1,2층,Y,도시형생활주택(원룸형),"1,000,000 ","230,550 ","2,000,000 ","280,170 ",공용관리비 높음(자체관리소 보유)
15,부산울산지역본부,부산서부권주거복지지사(주거복지사업처),부산광역시,매입다가구(부산부산진구),"부산광역시 부산진구 가야대로406번길 15-4(개금동,상우다솜) ",311,부산진구,열람불가(계약 전 주택 개방),단독(1인),남여공용,0.0000,27.0200,12.8860,39.9060,1,3층,Y,도시형생활주택(원룸형),"1,000,000 ","235,480 ","2,000,000 ","286,350 ",공용관리비 높음(자체관리소 보유)
16,부산울산지역본부,부산서부권주거복지지사(주거복지사업처),부산광역시,매입다가구(부산부산진구),"부산광역시 부산진구 가야대로406번길 15-4(개금동,상우다솜) ",312,부산진구,열람불가(계약 전 주택 개방),단독(1인),남여공용,0.0000,27.0200,12.8860,39.9060,1,3층,Y,도시형생활주택(원룸형),"1,000,000 ","235,480 ","2,000,000 ","286,350 ",공용관리비 높음(자체관리소 보유)
17,부산울산지역본부,부산서부권주거복지지사(주거복지사업처),부산광역시,매입다가구(부산부산진구),"부산광역시 부산진구 가야대로406번길 15-4(개금동,상우다솜) ",314,부산진구,열람불가(계약 전 주택 개방),단독(1인),남여공용,0.0000,27.0200,12.8860,39.9060,1,3층,Y,도시형생활주택(원룸형),"1,000,000 ","235,480 ","2,000,000 ","286,350 ",공용관리비 높음(자체관리소 보유)
18,부산울산지역본부,부산서부권주거복지지사(주거복지사업처),부산광역시,매입다가구(부산부산진구),"부산광역시 부산진구 가야대로406번길 15-4(개금동,상우다솜) ",315,부산진구,열람불가(계약 전 주택 개방),단독(1인),남여공용,0.0000,27.0200,12.8860,39.9060,1,3층,Y,도시형생활주택(원룸형),"1,000,000 ","235,480 ","2,000,000 ","286,350 ",공용관리비 높음(자체관리소 보유)
19,부산울산지역본부,부산서부권주거복지지사(주거복지사업처),부산광역시,매입다가구(부산부산진구),"부산광역시 부산진구 가야대로406번길 15-4(개금동,상우다솜) ",316,부산진구,열람불가(계약 전 주택 개방),단독(1인),남여공용,0.0000,27.0200,12.8860,39.9060,1,3층,Y,도시형생활주택(원룸형),"1,000,000 ","235,480 ","2,000,000 ","286,350 ",공용관리비 높음(자체관리소 보유)
20,부산울산지역본부,부산서부권주거복지지사(주거복지사업처),부산광역시,매입다가구(부산부산진구),"부산광역시 부산진구 가야대로406번길 15-4(개금동,상우다솜) ",410,부산진구,열람불가(계약 전 주택 개방),단독(1인),남여공용,0.0000,27.0200,12.8860,39.9060,1,4층,Y,도시형생활주택(원룸형),"1,000,000 ","242,910 ","2,000,000 ","295,620 ",공용관리비 높음(자체관리소 보유)
21,부산울산지역본부,부산서부권주거복지지사(주거복지사업처),부산광역시,매입다가구(부산부산진구),"부산광역시 부산진구 가야대로406번길 15-4(개금동,상우다솜) ",503,부산진구,열람불가(계약 전 주택 개방),단독(1인),남여공용,0.0000,27.0200,12.8860,39.9060,1,5층,Y,도시형생활주택(원룸형),"1,000,000 ","245,380 ","2,000,000 ","298,710 ",공용관리비 높음(자체관리소 보유)
22,부산울산지역본부,부산서부권주거복지지사(주거복지사업처),부산광역시,매입다가구(부산부산진구),"부산광역시 부산진구 가야대로406번길 15-4(개금동,상우다솜) ",505,부산진구,열람불가(계약 전 주택 개방),단독(1인),남여공용,0.0000,27.0200,12.8860,39.9060,1,5층,Y,도시형생활주택(원룸형),"1,000,000 ","245,380 ","2,000,000 ","298,710 ",공용관리비 높음(자체관리소 보유)
23,부산울산지역본부,부산서부권주거복지지사(주거복지사업처),부산광역시,매입다가구(부산부산진구),"부산광역시 부산진구 가야대로406번길 15-4(개금동,상우다솜) ",507,부산진구,열람불가(계약 전 주택 개방),단독(1인),남여공용,0.0000,27.0200,12.8860,39.9060,1,5층,Y,도시형생활주택(원룸형),"1,000,000 ","245,380 ","2,000,000 ","298,710 ",공용관리비 높음(자체관리소 보유)
24,부산울산지역본부,부산서부권주거복지지사(주거복지사업처),부산광역시,매입다가구(부산부산진구),"부산광역시 부산진구 가야대로406번길 15-4(개금동,상우다솜) ",510,부산진구,열람불가(계약 전 주택 개방),단독(1인),남여공용,0.0000,27.0200,12.8860,39.9060,1,5층,Y,도시형생활주택(원룸형),"1,000,000 ","245,380 ","2,000,000 ","298,710 ",공용관리비 높음(자체관리소 보유)
25,부산울산지역본부,부산서부권주거복지지사(주거복지사업처),부산광역시,매입다가구(부산부산진구),"부산광역시 부산진구 가야대로406번길 15-4(개금동,상우다솜) ",714,부산진구,열람불가(계약 전 주택 개방),단독(1인),남여공용,0.0000,20.2300,9.7793,30.0093,1,7층,Y,도시형생활주택(원룸형),"1,000,000 ","182,560 ","2,000,000 ","221,060 ",공용관리비 높음(자체관리소 보유)
26,부산울산지역본부,부산서부권주거복지지사(주거복지사업처),부산광역시,매입다가구(부산부산진구),"부산광역시 부산진구 가야대로406번길 15-4(개금동,상우다솜) ",1202,부산진구,열람불가(계약 전 주택 개방),단독(1인),남여공용,0.0000,20.2300,9.7793,30.0093,1,12층,Y,도시형생활주택(원룸형),"1,000,000 ","187,510 ","2,000,000 ","227,240 ",공용관리비 높음(자체관리소 보유)
27,부산울산지역본부,부산서부권주거복지지사(주거복지사업처),부산광역시,매입다가구(부산북구),"부산광역시 북구 만덕대로66번길 20(덕천동,덕천동 네오비아) ",203,부산북구,열람불가(계약 전 주택 개방),해당없음,남여공용,0.0000,26.0400,20.9300,46.9700,1,2층,Y,혼합형,"1,000,000 ","266,540 ","2,000,000 ","325,160 ",
28,부산울산지역본부,부산서부권주거복지지사(주거복지사업처),부산광역시,매입다가구(부산북구),"부산광역시 북구 만덕대로66번길 20(덕천동,덕천동 네오비아) ",208,부산북구,열람불가(계약 전 주택 개방),해당없음,남여공용,0.0000,25.7300,21.8200,47.5500,1,2층,Y,혼합형,"1,000,000 ","254,180 ","2,000,000 ","309,670 ",
29,부산울산지역본부,부산서부권주거복지지사(주거복지사업처),부산광역시,매입다가구(부산북구),"부산광역시 북구 만덕대로66번길 20(덕천동,덕천동 네오비아) ",306,부산북구,열람불가(계약 전 주택 개방),해당없음,남여공용,0.0000,25.8100,21.7200,47.5300,1,3층,Y,혼합형,"1,000,000 ","259,190 ","2,000,000 ","315,930 ",
30,부산울산지역본부,부산서부권주거복지지사(주거복지사업처),부산광역시,매입다가구(부산북구),"부산광역시 북구 만덕대로66번길 20(덕천동,덕천동 네오비아) ",308,부산북구,열람불가(계약 전 주택 개방),해당없음,남여공용,0.0000,25.7300,21.8200,47.5500,1,3층,Y,혼합형,"1,000,000 ","259,200 ","2,000,000 ","315,940 ",
31,부산울산지역본부,부산서부권주거복지지사(주거복지사업처),부산광역시,매입다가구(부산북구),"부산광역시 북구 만덕대로66번길 20(덕천동,덕천동 네오비아) ",405,부산북구,열람불가(계약 전 주택 개방),해당없음,남여공용,0.0000,25.8200,21.9500,47.7700,1,4층,Y,혼합형,"1,000,000 ","279,310 ","2,000,000 ","341,060 ",
32,부산울산지역본부,부산서부권주거복지지사(주거복지사업처),부산광역시,매입다가구(부산북구),"부산광역시 북구 만덕대로66번길 20(덕천동,덕천동 네오비아) ",406,부산북구,열람불가(계약 전 주택 개방),해당없음,남여공용,0.0000,25.8100,21.7200,47.5300,1,4층,Y,혼합형,"1,000,000 ","269,210 ","2,000,000 ","328,460 ",
33,부산울산지역본부,부산서부권주거복지지사(주거복지사업처),부산광역시,매입다가구(부산북구),"부산광역시 북구 만덕대로66번길 20(덕천동,덕천동 네오비아) ",501,부산북구,열람불가(계약 전 주택 개방),해당없음,남여공용,0.0000,25.8200,21.9500,47.7700,1,5층,Y,혼합형,"1,000,000 ","281,820 ","2,000,000 ","344,200 ",
34,부산울산지역본부,부산서부권주거복지지사(주거복지사업처),부산광역시,매입다가구(부산북구),"부산광역시 북구 만덕대로66번길 20(덕천동,덕천동 네오비아) ",507,부산북구,열람불가(계약 전 주택 개방),해당없음,남여공용,0.0000,25.5300,20.7700,46.3000,1,5층,Y,혼합형,"1,000,000 ","211,430 ","2,000,000 ","257,330 ",
35,부산울산지역본부,부산서부권주거복지지사(주거복지사업처),부산광역시,매입다가구(부산북구),"부산광역시 북구 만덕대로66번길 20(덕천동,덕천동 네오비아) ",508,부산북구,열람불가(계약 전 주택 개방),해당없음,남여공용,0.0000,25.7300,21.8200,47.5500,1,5층,Y,혼합형,"1,000,000 ","211,820 ","2,000,000 ","257,710 ",
36,부산울산지역본부,부산서부권주거복지지사(주거복지사업처),부산광역시,매입다가구(부산북구),"부산광역시 북구 만덕대로66번길 20(덕천동,덕천동 네오비아) ",704,부산북구,열람불가(계약 전 주택 개방),해당없음,남여공용,0.0000,26.0400,20.9300,46.9700,1,7층,Y,혼합형,"1,000,000 ","211,640 ","2,000,000 ","257,530 ",
37,부산울산지역본부,부산서부권주거복지지사(주거복지사업처),부산광역시,매입다가구(부산사상구),부산광역시 사상구 사상로148번길 25(괘법동) 사상더베스트,307,부산사상구,열람불가(계약 전 주택 개방),단독(1인),남여공용,0.0000,29.9956,9.8320,39.8276,1,3층,Y,아파트,"1,000,000 ","170,310 ","2,000,000 ","206,300 ",공용관리비 높음(자체관리소 보유)
38,부산울산지역본부,부산서부권주거복지지사(주거복지사업처),부산광역시,매입다가구(부산사상구),부산광역시 사상구 사상로148번길 25(괘법동) 사상더베스트,308,부산사상구,열람불가(계약 전 주택 개방),단독(1인),남여공용,0.0000,29.9956,9.8320,39.8276,1,3층,Y,아파트,"1,000,000 ","170,310 ","2,000,000 ","206,300 ",공용관리비 높음(자체관리소 보유)
39,부산울산지역본부,부산서부권주거복지지사(주거복지사업처),부산광역시,매입다가구(부산사상구),부산광역시 사상구 사상로148번길 25(괘법동) 사상더베스트,309,부산사상구,열람불가(계약 전 주택 개방),단독(1인),남여공용,0.0000,29.9956,9.8320,39.8276,1,3층,Y,아파트,"1,000,000 ","170,310 ","2,000,000 ","206,300 ",공용관리비 높음(자체관리소 보유)
40,부산울산지역본부,부산서부권주거복지지사(주거복지사업처),부산광역시,매입다가구(부산사상구),부산광역시 사상구 사상로148번길 25(괘법동) 사상더베스트,310,부산사상구,열람불가(계약 전 주택 개방),단독(1인),남여공용,0.0000,29.9956,9.8320,39.8276,1,3층,Y,아파트,"1,000,000 ","170,310 ","2,000,000 ","206,300 ",공용관리비 높음(자체관리소 보유)
41,부산울산지역본부,부산서부권주거복지지사(주거복지사업처),부산광역시,매입다가구(부산사상구),부산광역시 사상구 사상로148번길 25(괘법동) 사상더베스트,311,부산사상구,열람불가(계약 전 주택 개방),단독(1인),남여공용,0.0000,29.9956,9.8320,39.8276,1,3층,Y,아파트,"1,000,000 ","170,310 ","2,000,000 ","206,300 ",공용관리비 높음(자체관리소 보유)
42,부산울산지역본부,부산서부권주거복지지사(주거복지사업처),부산광역시,매입다가구(부산사상구),부산광역시 사상구 사상로148번길 25(괘법동) 사상더베스트,312,부산사상구,열람불가(계약 전 주택 개방),단독(1인),남여공용,0.0000,29.9956,9.8320,39.8276,1,3층,Y,아파트,"1,000,000 ","170,310 ","2,000,000 ","206,300 ",공용관리비 높음(자체관리소 보유)
43,부산울산지역본부,부산서부권주거복지지사(주거복지사업처),부산광역시,매입다가구(부산사상구),부산광역시 사상구 사상로148번길 25(괘법동) 사상더베스트,313,부산사상구,열람불가(계약 전 주택 개방),단독(1인),남여공용,0.0000,29.9951,9.7509,39.7460,1,3층,Y,아파트,"1,000,000 ","170,310 ","2,000,000 ","206,300 ",공용관리비 높음(자체관리소 보유)
44,부산울산지역본부,부산서부권주거복지지사(주거복지사업처),부산광역시,매입다가구(부산사상구),부산광역시 사상구 사상로148번길 25(괘법동) 사상더베스트,314,부산사상구,열람불가(계약 전 주택 개방),단독(1인),남여공용,0.0000,29.9951,9.7509,39.7460,1,3층,Y,아파트,"1,000,000 ","170,310 ","2,000,000 ","206,300 ",공용관리비 높음(자체관리소 보유)
45,부산울산지역본부,부산서부권주거복지지사(주거복지사업처),부산광역시,매입다가구(부산사상구),부산광역시 사상구 사상로148번길 25(괘법동) 사상더베스트,315,부산사상구,열람불가(계약 전 주택 개방),단독(1인),남여공용,0.0000,29.9951,9.7509,39.7460,1,3층,Y,아파트,"1,000,000 ","170,310 ","2,000,000 ","206,300 ",공용관리비 높음(자체관리소 보유)
46,부산울산지역본부,부산서부권주거복지지사(주거복지사업처),부산광역시,매입다가구(부산사상구),부산광역시 사상구 사상로148번길 25(괘법동) 사상더베스트,316,부산사상구,열람불가(계약 전 주택 개방),단독(1인),남여공용,0.0000,29.9951,9.7509,39.7460,1,3층,Y,아파트,"1,000,000 ","170,310 ","2,000,000 ","206,300 ",공용관리비 높음(자체관리소 보유)
47,부산울산지역본부,부산서부권주거복지지사(주거복지사업처),부산광역시,매입다가구(부산사상구),부산광역시 사상구 사상로148번길 25(괘법동) 사상더베스트,317,부산사상구,열람불가(계약 전 주택 개방),단독(1인),남여공용,0.0000,29.9311,9.8006,39.7317,1,3층,Y,아파트,"1,000,000 ","170,210 ","2,000,000 ","206,200 ",공용관리비 높음(자체관리소 보유)
48,부산울산지역본부,부산서부권주거복지지사(주거복지사업처),부산광역시,매입다가구(부산사상구),부산광역시 사상구 사상로148번길 25(괘법동) 사상더베스트,319,부산사상구,열람불가(계약 전 주택 개방),단독(1인),남여공용,0.0000,29.9951,9.7509,39.7460,1,3층,Y,아파트,"1,000,000 ","170,260 ","2,000,000 ","206,250 ",공용관리비 높음(자체관리소 보유)
49,부산울산지역본부,부산서부권주거복지지사(주거복지사업처),부산광역시,매입다가구(부산사상구),부산광역시 사상구 사상로148번길 25(괘법동) 사상더베스트,320,부산사상구,열람불가(계약 전 주택 개방),단독(1인),남여공용,0.0000,29.9956,9.8320,39.8276,1,3층,Y,아파트,"1,000,000 ","170,260 ","2,000,000 ","206,250 ",공용관리비 높음(자체관리소 보유)
50,부산울산지역본부,부산서부권주거복지지사(주거복지사업처),부산광역시,매입다가구(부산사상구),부산광역시 사상구 사상로148번길 25(괘법동) 사상더베스트,321,부산사상구,열람불가(계약 전 주택 개방),단독(1인),남여공용,0.0000,29.9956,9.8320,39.8276,1,3층,Y,아파트,"1,000,000 ","170,260 ","2,000,000 ","206,250 ",공용관리비 높음(자체관리소 보유)
51,부산울산지역본부,부산서부권주거복지지사(주거복지사업처),부산광역시,매입다가구(부산사상구),부산광역시 사상구 사상로148번길 25(괘법동) 사상더베스트,322,부산사상구,열람불가(계약 전 주택 개방),단독(1인),남여공용,0.0000,29.9956,9.8320,39.8276,1,3층,Y,아파트,"1,000,000 ","170,260 ","2,000,000 ","206,250 ",공용관리비 높음(자체관리소 보유)
52,부산울산지역본부,부산서부권주거복지지사(주거복지사업처),부산광역시,매입다가구(부산사상구),부산광역시 사상구 사상로148번길 25(괘법동) 사상더베스트,323,부산사상구,열람불가(계약 전 주택 개방),단독(1인),남여공용,0.0000,29.9956,9.8320,39.8276,1,3층,Y,아파트,"1,000,000 ","170,260 ","2,000,000 ","206,250 ",공용관리비 높음(자체관리소 보유)
53,부산울산지역본부,부산서부권주거복지지사(주거복지사업처),부산광역시,매입다가구(부산사상구),부산광역시 사상구 사상로148번길 25(괘법동) 사상더베스트,324,부산사상구,열람불가(계약 전 주택 개방),단독(1인),남여공용,0.0000,29.9956,9.8320,39.8276,1,3층,Y,아파트,"1,000,000 ","170,260 ","2,000,000 ","206,250 ",공용관리비 높음(자체관리소 보유)
54,부산울산지역본부,부산서부권주거복지지사(주거복지사업처),부산광역시,매입다가구(부산사상구),부산광역시 사상구 사상로148번길 25(괘법동) 사상더베스트,325,부산사상구,열람불가(계약 전 주택 개방),단독(1인),남여공용,0.0000,29.9956,9.8320,39.8276,1,3층,Y,아파트,"1,000,000 ","170,260 ","2,000,000 ","206,250 ",공용관리비 높음(자체관리소 보유)
55,부산울산지역본부,부산서부권주거복지지사(주거복지사업처),부산광역시,매입다가구(부산사상구),부산광역시 사상구 사상로148번길 25(괘법동) 사상더베스트,506,부산사상구,열람불가(계약 전 주택 개방),단독(1인),남여공용,0.0000,29.9956,9.8320,39.8276,1,5층,Y,아파트,"1,000,000 ","170,560 ","2,000,000 ","206,550 ",공용관리비 높음(자체관리소 보유)
56,부산울산지역본부,부산서부권주거복지지사(주거복지사업처),부산광역시,매입다가구(부산사상구),부산광역시 사상구 사상로148번길 25(괘법동) 사상더베스트,507,부산사상구,열람불가(계약 전 주택 개방),단독(1인),남녀공용,0.0000,29.9956,9.8320,39.8276,1,5층,Y,아파트,"1,000,000 ","170,560 ","2,000,000 ","206,550 ",공용관리비 높음(자체관리소 보유)
57,부산울산지역본부,부산서부권주거복지지사(주거복지사업처),부산광역시,매입다가구(부산사상구),부산광역시 사상구 사상로148번길 25(괘법동) 사상더베스트,508,부산사상구,열람불가(계약 전 주택 개방),단독(1인),남녀공용,0.0000,29.9956,9.8320,39.8276,1,5층,Y,아파트,"1,000,000 ","170,560 ","2,000,000 ","206,550 ",공용관리비 높음(자체관리소 보유)
58,부산울산지역본부,부산서부권주거복지지사(주거복지사업처),부산광역시,매입다가구(부산사상구),부산광역시 사상구 사상로148번길 25(괘법동) 사상더베스트,509,부산사상구,열람불가(계약 전 주택 개방),단독(1인),남녀공용,0.0000,29.9956,9.8320,39.8276,1,5층,Y,아파트,"1,000,000 ","170,560 ","2,000,000 ","206,550 ",공용관리비 높음(자체관리소 보유)
59,부산울산지역본부,부산서부권주거복지지사(주거복지사업처),부산광역시,매입다가구(부산사상구),부산광역시 사상구 사상로148번길 25(괘법동) 사상더베스트,510,부산사상구,열람불가(계약 전 주택 개방),단독(1인),남녀공용,0.0000,29.9956,9.8320,39.8276,1,5층,Y,아파트,"1,000,000 ","170,560 ","2,000,000 ","206,550 ",공용관리비 높음(자체관리소 보유)
60,부산울산지역본부,부산서부권주거복지지사(주거복지사업처),부산광역시,매입다가구(부산사상구),부산광역시 사상구 사상로148번길 25(괘법동) 사상더베스트,511,부산사상구,열람불가(계약 전 주택 개방),단독(1인),남녀공용,0.0000,29.9956,9.8320,39.8276,1,5층,Y,아파트,"1,000,000 ","170,560 ","2,000,000 ","206,550 ",공용관리비 높음(자체관리소 보유)
61,부산울산지역본부,부산서부권주거복지지사(주거복지사업처),부산광역시,매입다가구(부산사상구),부산광역시 사상구 사상로148번길 25(괘법동) 사상더베스트,512,부산사상구,열람불가(계약 전 주택 개방),단독(1인),남녀공용,0.0000,29.9956,9.8320,39.8276,1,5층,Y,아파트,"1,000,000 ","170,560 ","2,000,000 ","206,550 ",공용관리비 높음(자체관리소 보유)
62,부산울산지역본부,부산서부권주거복지지사(주거복지사업처),부산광역시,매입다가구(부산사상구),부산광역시 사상구 사상로148번길 25(괘법동) 사상더베스트,513,부산사상구,열람불가(계약 전 주택 개방),단독(1인),남녀공용,0.0000,29.9951,9.7509,39.7460,1,5층,Y,아파트,"1,000,000 ","170,560 ","2,000,000 ","206,550 ",공용관리비 높음(자체관리소 보유)
63,부산울산지역본부,부산서부권주거복지지사(주거복지사업처),부산광역시,매입다가구(부산사상구),부산광역시 사상구 사상로148번길 25(괘법동) 사상더베스트,515,부산사상구,열람불가(계약 전 주택 개방),단독(1인),남녀공용,0.0000,29.9951,9.7509,39.7460,1,5층,Y,아파트,"1,000,000 ","170,560 ","2,000,000 ","206,550 ",공용관리비 높음(자체관리소 보유)
64,부산울산지역본부,부산서부권주거복지지사(주거복지사업처),부산광역시,매입다가구(부산사상구),부산광역시 사상구 사상로148번길 25(괘법동) 사상더베스트,516,부산사상구,열람불가(계약 전 주택 개방),단독(1인),남녀공용,0.0000,29.9951,9.7509,39.7460,1,5층,Y,아파트,"1,000,000 ","170,560 ","2,000,000 ","206,550 ",공용관리비 높음(자체관리소 보유)
65,부산울산지역본부,부산서부권주거복지지사(주거복지사업처),부산광역시,매입다가구(부산사상구),부산광역시 사상구 사상로148번길 25(괘법동) 사상더베스트,517,부산사상구,열람불가(계약 전 주택 개방),단독(1인),남녀공용,0.0000,29.9311,9.8006,39.7317,1,5층,Y,아파트,"1,000,000 ","170,460 ","2,000,000 ","206,450 ",공용관리비 높음(자체관리소 보유)
66,부산울산지역본부,부산서부권주거복지지사(주거복지사업처),부산광역시,매입다가구(부산사상구),부산광역시 사상구 사상로148번길 25(괘법동) 사상더베스트,518,부산사상구,열람불가(계약 전 주택 개방),단독(1인),남녀공용,0.0000,29.9951,9.7509,39.7460,1,5층,Y,아파트,"1,000,000 ","170,510 ","2,000,000 ","206,500 ",공용관리비 높음(자체관리소 보유)
67,부산울산지역본부,부산서부권주거복지지사(주거복지사업처),부산광역시,매입다가구(부산사상구),부산광역시 사상구 사상로148번길 25(괘법동) 사상더베스트,519,부산사상구,열람불가(계약 전 주택 개방),단독(1인),남녀공용,0.0000,29.9951,9.7509,39.7460,1,5층,Y,아파트,"1,000,000 ","170,510 ","2,000,000 ","206,500 ",공용관리비 높음(자체관리소 보유)
68,부산울산지역본부,부산서부권주거복지지사(주거복지사업처),부산광역시,매입다가구(부산사상구),부산광역시 사상구 사상로148번길 25(괘법동) 사상더베스트,520,부산사상구,열람불가(계약 전 주택 개방),단독(1인),남녀공용,0.0000,29.9956,9.8320,39.8276,1,5층,Y,아파트,"1,000,000 ","170,510 ","2,000,000 ","206,500 ",공용관리비 높음(자체관리소 보유)
69,부산울산지역본부,부산서부권주거복지지사(주거복지사업처),부산광역시,매입다가구(부산사상구),부산광역시 사상구 사상로148번길 25(괘법동) 사상더베스트,521,부산사상구,열람불가(계약 전 주택 개방),단독(1인),남녀공용,0.0000,29.9956,9.8320,39.8276,1,5층,Y,아파트,"1,000,000 ","170,510 ","2,000,000 ","206,500 ",공용관리비 높음(자체관리소 보유)
70,부산울산지역본부,부산서부권주거복지지사(주거복지사업처),부산광역시,매입다가구(부산사상구),부산광역시 사상구 사상로148번길 25(괘법동) 사상더베스트,522,부산사상구,열람불가(계약 전 주택 개방),단독(1인),남녀공용,0.0000,29.9956,9.8320,39.8276,1,5층,Y,아파트,"1,000,000 ","170,510 ","2,000,000 ","206,500 ",공용관리비 높음(자체관리소 보유)
71,부산울산지역본부,부산서부권주거복지지사(주거복지사업처),부산광역시,매입다가구(부산사상구),부산광역시 사상구 사상로148번길 25(괘법동) 사상더베스트,523,부산사상구,열람불가(계약 전 주택 개방),단독(1인),남녀공용,0.0000,29.9956,9.8320,39.8276,1,5층,Y,아파트,"1,000,000 ","170,510 ","2,000,000 ","206,500 ",공용관리비 높음(자체관리소 보유)
72,부산울산지역본부,부산서부권주거복지지사(주거복지사업처),부산광역시,매입다가구(부산사상구),부산광역시 사상구 사상로148번길 25(괘법동) 사상더베스트,524,부산사상구,열람불가(계약 전 주택 개방),단독(1인),남녀공용,0.0000,29.9956,9.8320,39.8276,1,5층,Y,아파트,"1,000,000 ","170,510 ","2,000,000 ","206,500 ",공용관리비 높음(자체관리소 보유)
73,부산울산지역본부,부산서부권주거복지지사(주거복지사업처),부산광역시,매입다가구(부산사상구),부산광역시 사상구 사상로148번길 25(괘법동) 사상더베스트,525,부산사상구,열람불가(계약 전 주택 개방),단독(1인),남녀공용,0.0000,29.9956,9.8320,39.8276,1,5층,Y,아파트,"1,000,000 ","170,510 ","2,000,000 ","206,500 ",공용관리비 높음(자체관리소 보유)
74,부산울산지역본부,부산서부권주거복지지사(주거복지사업처),부산광역시,매입다가구(부산사상구),부산광역시 사상구 사상로148번길 25(괘법동) 사상더베스트,706,부산사상구,열람불가(계약 전 주택 개방),단독(1인),남녀공용,0.0000,29.9956,9.8320,39.8276,1,7층,Y,아파트,"1,000,000 ","174,350 ","2,000,000 ","211,250 ",공용관리비 높음(자체관리소 보유)
75,부산울산지역본부,부산서부권주거복지지사(주거복지사업처),부산광역시,매입다가구(부산사상구),부산광역시 사상구 사상로148번길 25(괘법동) 사상더베스트,707,부산사상구,열람불가(계약 전 주택 개방),단독(1인),남녀공용,0.0000,29.9956,9.8320,39.8276,1,7층,Y,아파트,"1,000,000 ","174,350 ","2,000,000 ","211,250 ",공용관리비 높음(자체관리소 보유)
76,부산울산지역본부,부산서부권주거복지지사(주거복지사업처),부산광역시,매입다가구(부산사상구),부산광역시 사상구 사상로148번길 25(괘법동) 사상더베스트,708,부산사상구,열람불가(계약 전 주택 개방),단독(1인),남녀공용,0.0000,29.9956,9.8320,39.8276,1,7층,Y,아파트,"1,000,000 ","174,350 ","2,000,000 ","211,250 ",공용관리비 높음(자체관리소 보유)
77,부산울산지역본부,부산서부권주거복지지사(주거복지사업처),부산광역시,매입다가구(부산사상구),부산광역시 사상구 사상로148번길 25(괘법동) 사상더베스트,709,부산사상구,열람불가(계약 전 주택 개방),단독(1인),남녀공용,0.0000,29.9956,9.8320,39.8276,1,7층,Y,아파트,"1,000,000 ","174,350 ","2,000,000 ","211,250 ",공용관리비 높음(자체관리소 보유)
78,부산울산지역본부,부산서부권주거복지지사(주거복지사업처),부산광역시,매입다가구(부산사상구),부산광역시 사상구 사상로148번길 25(괘법동) 사상더베스트,711,부산사상구,열람불가(계약 전 주택 개방),단독(1인),남녀공용,0.0000,29.9956,9.8320,39.8276,1,7층,Y,아파트,"1,000,000 ","174,350 ","2,000,000 ","211,250 ",공용관리비 높음(자체관리소 보유)
79,부산울산지역본부,부산서부권주거복지지사(주거복지사업처),부산광역시,매입다가구(부산사상구),부산광역시 사상구 사상로148번길 25(괘법동) 사상더베스트,713,부산사상구,열람불가(계약 전 주택 개방),단독(1인),남녀공용,0.0000,29.9951,9.7509,39.7460,1,7층,Y,아파트,"1,000,000 ","174,350 ","2,000,000 ","211,250 ",공용관리비 높음(자체관리소 보유)
80,부산울산지역본부,부산서부권주거복지지사(주거복지사업처),부산광역시,매입다가구(부산사상구),부산광역시 사상구 사상로148번길 25(괘법동) 사상더베스트,714,부산사상구,열람불가(계약 전 주택 개방),단독(1인),남녀공용,0.0000,29.9951,9.7509,39.7460,1,7층,Y,아파트,"1,000,000 ","174,350 ","2,000,000 ","211,250 ",공용관리비 높음(자체관리소 보유)
81,부산울산지역본부,부산서부권주거복지지사(주거복지사업처),부산광역시,매입다가구(부산사상구),부산광역시 사상구 사상로148번길 25(괘법동) 사상더베스트,715,부산사상구,열람불가(계약 전 주택 개방),단독(1인),남녀공용,0.0000,29.9951,9.7509,39.7460,1,7층,Y,아파트,"1,000,000 ","174,350 ","2,000,000 ","211,250 ",공용관리비 높음(자체관리소 보유)
82,부산울산지역본부,부산서부권주거복지지사(주거복지사업처),부산광역시,매입다가구(부산사상구),부산광역시 사상구 사상로148번길 25(괘법동) 사상더베스트,716,부산사상구,열람불가(계약 전 주택 개방),단독(1인),남녀공용,0.0000,29.9951,9.7509,39.7460,1,7층,Y,아파트,"1,000,000 ","174,350 ","2,000,000 ","211,250 ",공용관리비 높음(자체관리소 보유)
83,부산울산지역본부,부산서부권주거복지지사(주거복지사업처),부산광역시,매입다가구(부산사상구),부산광역시 사상구 사상로148번길 25(괘법동) 사상더베스트,717,부산사상구,열람불가(계약 전 주택 개방),단독(1인),남녀공용,0.0000,29.9311,9.8006,39.7317,1,7층,Y,아파트,"1,000,000 ","174,250 ","2,000,000 ","211,150 ",공용관리비 높음(자체관리소 보유)
84,부산울산지역본부,부산서부권주거복지지사(주거복지사업처),부산광역시,매입다가구(부산사상구),부산광역시 사상구 사상로148번길 25(괘법동) 사상더베스트,718,부산사상구,열람불가(계약 전 주택 개방),단독(1인),남녀공용,0.0000,29.9951,9.7509,39.7460,1,7층,Y,아파트,"1,000,000 ","174,300 ","2,000,000 ","211,200 ",공용관리비 높음(자체관리소 보유)
85,부산울산지역본부,부산서부권주거복지지사(주거복지사업처),부산광역시,매입다가구(부산사상구),부산광역시 사상구 사상로148번길 25(괘법동) 사상더베스트,719,부산사상구,열람불가(계약 전 주택 개방),단독(1인),남녀공용,0.0000,29.9951,9.7509,39.7460,1,7층,Y,아파트,"1,000,000 ","174,300 ","2,000,000 ","211,200 ",공용관리비 높음(자체관리소 보유)
86,부산울산지역본부,부산서부권주거복지지사(주거복지사업처),부산광역시,매입다가구(부산사상구),부산광역시 사상구 사상로148번길 25(괘법동) 사상더베스트,720,부산사상구,열람불가(계약 전 주택 개방),단독(1인),남녀공용,0.0000,29.9956,9.8320,39.8276,1,7층,Y,아파트,"1,000,000 ","174,300 ","2,000,000 ","211,200 ",공용관리비 높음(자체관리소 보유)
87,부산울산지역본부,부산서부권주거복지지사(주거복지사업처),부산광역시,매입다가구(부산사상구),부산광역시 사상구 사상로148번길 25(괘법동) 사상더베스트,721,부산사상구,열람불가(계약 전 주택 개방),단독(1인),남녀공용,0.0000,29.9956,9.8320,39.8276,1,7층,Y,아파트,"1,000,000 ","174,300 ","2,000,000 ","211,200 ",공용관리비 높음(자체관리소 보유)
88,부산울산지역본부,부산서부권주거복지지사(주거복지사업처),부산광역시,매입다가구(부산사상구),부산광역시 사상구 사상로148번길 25(괘법동) 사상더베스트,722,부산사상구,열람불가(계약 전 주택 개방),단독(1인),남녀공용,0.0000,29.9956,9.8320,39.8276,1,7층,Y,아파트,"1,000,000 ","174,300 ","2,000,000 ","211,200 ",공용관리비 높음(자체관리소 보유)
89,부산울산지역본부,부산서부권주거복지지사(주거복지사업처),부산광역시,매입다가구(부산사상구),부산광역시 사상구 사상로148번길 25(괘법동) 사상더베스트,723,부산사상구,열람불가(계약 전 주택 개방),단독(1인),남녀공용,0.0000,29.9956,9.8320,39.8276,1,7층,Y,아파트,"1,000,000 ","174,300 ","2,000,000 ","211,200 ",공용관리비 높음(자체관리소 보유)
90,부산울산지역본부,부산서부권주거복지지사(주거복지사업처),부산광역시,매입다가구(부산사상구),부산광역시 사상구 사상로148번길 25(괘법동) 사상더베스트,724,부산사상구,열람불가(계약 전 주택 개방),단독(1인),남녀공용,0.0000,29.9956,9.8320,39.8276,1,7층,Y,아파트,"1,000,000 ","174,300 ","2,000,000 ","211,200 ",공용관리비 높음(자체관리소 보유)
91,부산울산지역본부,부산서부권주거복지지사(주거복지사업처),부산광역시,매입다가구(부산사상구),부산광역시 사상구 사상로148번길 25(괘법동) 사상더베스트,725,부산사상구,열람불가(계약 전 주택 개방),단독(1인),남녀공용,0.0000,29.9956,9.8320,39.8276,1,7층,Y,아파트,"1,000,000 ","174,300 ","2,000,000 ","211,200 ",공용관리비 높음(자체관리소 보유)
92,부산울산지역본부,부산서부권주거복지지사(주거복지사업처),부산광역시,매입다가구(부산사상구),부산광역시 사상구 사상로148번길 25(괘법동) 사상더베스트,904,부산사상구,열람불가(계약 전 주택 개방),단독(1인),남녀공용,0.0000,29.9956,9.8320,39.8276,1,9층,Y,아파트,"1,000,000 ","174,350 ","2,000,000 ","211,250 ",공용관리비 높음(자체관리소 보유)
93,부산울산지역본부,부산서부권주거복지지사(주거복지사업처),부산광역시,매입다가구(부산사상구),부산광역시 사상구 사상로148번길 25(괘법동) 사상더베스트,905,부산사상구,열람불가(계약 전 주택 개방),단독(1인),남녀공용,0.0000,29.9956,9.8320,39.8276,1,9층,Y,아파트,"1,000,000 ","174,350 ","2,000,000 ","211,250 ",공용관리비 높음(자체관리소 보유)
94,부산울산지역본부,부산서부권주거복지지사(주거복지사업처),부산광역시,매입다가구(부산사상구),부산광역시 사상구 사상로148번길 25(괘법동) 사상더베스트,906,부산사상구,열람불가(계약 전 주택 개방),단독(1인),남녀공용,0.0000,29.9956,9.8320,39.8276,1,9층,Y,아파트,"1,000,000 ","174,350 ","2,000,000 ","211,250 ",공용관리비 높음(자체관리소 보유)
95,부산울산지역본부,부산서부권주거복지지사(주거복지사업처),부산광역시,매입다가구(부산사상구),부산광역시 사상구 사상로148번길 25(괘법동) 사상더베스트,907,부산사상구,열람불가(계약 전 주택 개방),단독(1인),남녀공용,0.0000,29.9956,9.8320,39.8276,1,9층,Y,아파트,"1,000,000 ","174,350 ","2,000,000 ","211,250 ",공용관리비 높음(자체관리소 보유)
96,부산울산지역본부,부산서부권주거복지지사(주거복지사업처),부산광역시,매입다가구(부산사상구),부산광역시 사상구 사상로148번길 25(괘법동) 사상더베스트,908,부산사상구,열람불가(계약 전 주택 개방),단독(1인),남녀공용,0.0000,29.9956,9.8320,39.8276,1,9층,Y,아파트,"1,000,000 ","174,350 ","2,000,000 ","211,250 ",공용관리비 높음(자체관리소 보유)
97,부산울산지역본부,부산서부권주거복지지사(주거복지사업처),부산광역시,매입다가구(부산사상구),부산광역시 사상구 사상로148번길 25(괘법동) 사상더베스트,909,부산사상구,열람불가(계약 전 주택 개방),단독(1인),남녀공용,0.0000,29.9956,9.8320,39.8276,1,9층,Y,아파트,"1,000,000 ","174,350 ","2,000,000 ","211,250 ",공용관리비 높음(자체관리소 보유)
98,부산울산지역본부,부산서부권주거복지지사(주거복지사업처),부산광역시,매입다가구(부산사하구),"부산광역시 사하구 하신중앙로335번길 68(하단동,다올) 다올",201,부산사하구,열람불가(계약 전 주택 개방),단독(1인),남여공용,0.0000,29.1300,11.9462,41.0762,1,2층,Y,다세대주택,"1,000,000 ","211,880 ","2,000,000 ","256,940 ",
99,부산울산지역본부,부산서부권주거복지지사(주거복지사업처),부산광역시,매입다가구(부산사하구),"부산광역시 사하구 하신중앙로335번길 68(하단동,다올) 다올",701,부산사하구,열람불가(계약 전 주택 개방),단독(1인),남여공용,0.0000,24.9300,10.2268,35.1568,1,8층,Y,다세대주택,"1,000,000 ","232,560 ","2,000,000 ","283,220 ",
100,부산울산지역본부,부산서부권주거복지지사(주거복지사업처),부산광역시,매입다가구(부산서구),부산광역시 서구 구덕로185번길 48(아미동2가) ,205,부산서구,열람불가(계약 전 주택 개방),단독(1인),남여공용,0.0000,19.1450,15.4516,34.5966,1,2층,Y,연립주택,"1,000,000 ","254,300 ","2,000,000 ","309,990 ",
101,부산울산지역본부,부산서부권주거복지지사(주거복지사업처),부산광역시,매입다가구(부산서구),부산광역시 서구 구덕로185번길 48(아미동2가) ,301,부산서구,열람불가(계약 전 주택 개방),단독(1인),남여공용,0.0000,19.1500,15.4557,34.6057,1,3층,Y,연립주택,"1,000,000 ","254,370 ","2,000,000 ","310,080 ",
102,부산울산지역본부,부산서부권주거복지지사(주거복지사업처),부산광역시,매입다가구(부산서구),부산광역시 서구 구덕로185번길 48(아미동2가) ,303,부산서구,열람불가(계약 전 주택 개방),단독(1인),남여공용,0.0000,19.0000,15.3346,34.3346,1,3층,Y,연립주택,"1,000,000 ","252,330 ","2,000,000 ","307,540 ",
103,부산울산지역본부,부산서부권주거복지지사(주거복지사업처),부산광역시,매입다가구(부산서구),부산광역시 서구 구덕로185번길 48(아미동2가) ,403,부산서구,열람불가(계약 전 주택 개방),단독(1인),남여공용,0.0000,18.5600,14.9795,33.5395,1,4층,Y,연립주택,"1,000,000 ","246,330 ","2,000,000 ","300,090 ",
104,부산울산지역본부,부산서부권주거복지지사(주거복지사업처),부산광역시,매입다가구(부산서구),부산광역시 서구 구덕로185번길 48(아미동2가) ,501,부산서구,열람불가(계약 전 주택 개방),단독(1인),남여공용,0.0000,19.1500,15.4557,34.6057,1,5층,Y,연립주택,"1,000,000 ","254,370 ","2,000,000 ","310,080 ",
105,부산울산지역본부,부산동부권주거복지지사(주거복지사업처),부산광역시,매입다가구(부산수영구),부산광역시 수영구 과정로30번길 21-2(망미동) ,101,수영구,열람불가(계약 전 주택 개방),단독(1인),남여공용,0.0000,19.2800,7.3800,26.6600,1,1층,N,다가구주택,"1,000,000 ","197,140 ","2,000,000 ","239,770 ",
106,부산울산지역본부,부산동부권주거복지지사(주거복지사업처),부산광역시,매입다가구(부산수영구),부산광역시 수영구 과정로30번길 21-2(망미동) ,102,수영구,열람불가(계약 전 주택 개방),단독(1인),남여공용,0.0000,19.2800,7.3800,26.6600,1,1층,N,다가구주택,"1,000,000 ","197,140 ","2,000,000 ","239,770 ",
107,부산울산지역본부,부산동부권주거복지지사(주거복지사업처),부산광역시,매입다가구(부산수영구),부산광역시 수영구 과정로30번길 21-2(망미동) ,201,수영구,열람불가(계약 전 주택 개방),단독(1인),남여공용,0.0000,19.4000,7.4250,26.8250,1,2층,N,다가구주택,"1,000,000 ","202,440 ","2,000,000 ","246,410 ",
108,부산울산지역본부,부산동부권주거복지지사(주거복지사업처),부산광역시,매입다가구(부산수영구),부산광역시 수영구 광일로14번길 28(광안동) ,101,수영구,열람불가(계약 전 주택 개방),단독(1인),남여공용,0.0000,19.2100,8.3400,27.5500,1,1층,N,다가구주택,"1,000,000 ","229,520 ","2,000,000 ","279,820 ",
109,부산울산지역본부,부산동부권주거복지지사(주거복지사업처),부산광역시,매입다가구(부산수영구),부산광역시 수영구 광일로14번길 28(광안동) ,102,수영구,열람불가(계약 전 주택 개방),단독(1인),남여공용,0.0000,19.2100,8.3400,27.5500,1,1층,N,다가구주택,"1,000,000 ","229,520 ","2,000,000 ","279,820 ",
110,부산울산지역본부,부산동부권주거복지지사(주거복지사업처),부산광역시,매입다가구(부산수영구),부산광역시 수영구 광일로14번길 28(광안동) ,201,수영구,열람불가(계약 전 주택 개방),단독(1인),남여공용,0.0000,19.2100,8.3400,27.5500,1,1층,N,다가구주택,"1,000,000 ","234,220 ","2,000,000 ","285,690 ",
111,부산울산지역본부,부산동부권주거복지지사(주거복지사업처),부산광역시,매입다가구(부산수영구),부산광역시 수영구 광일로14번길 28(광안동) ,202,수영구,열람불가(계약 전 주택 개방),단독(1인),남여공용,0.0000,19.2100,8.3400,27.5500,1,2층,N,다가구주택,"1,000,000 ","234,220 ","2,000,000 ","285,690 ",
112,부산울산지역본부,부산동부권주거복지지사(주거복지사업처),부산광역시,매입다가구(부산수영구),부산광역시 수영구 광일로14번길 28(광안동) ,304,수영구,열람불가(계약 전 주택 개방),단독(1인),남여공용,0.0000,19.4000,8.4300,27.8300,1,3층,N,다가구주택,"1,000,000 ","236,600 ","2,000,000 ","288,660 ",
113,부산울산지역본부,부산동부권주거복지지사(주거복지사업처),부산광역시,매입다가구(부산수영구),부산광역시 수영구 망미번영로 48(수영동) 에코하임리베,309,수영구,열람불가(계약 전 주택 개방),단독(1인),남여공용,0.0000,23.6500,26.8482,50.4982,1,3층,Y,도시형생활주택(원룸형),"1,000,000 ","263,010 ","2,000,000 ","319,860 ",
114,부산울산지역본부,부산동부권주거복지지사(주거복지사업처),부산광역시,매입다가구(부산수영구),부산광역시 수영구 망미번영로 48(수영동) 에코하임리베,411,수영구,열람불가(계약 전 주택 개방),단독(1인),남여공용,0.0000,23.6500,26.8482,50.4982,1,4층,Y,도시형생활주택(원룸형),"1,000,000 ","263,010 ","2,000,000 ","319,860 ",
115,부산울산지역본부,부산동부권주거복지지사(주거복지사업처),부산광역시,매입다가구(부산수영구),부산광역시 수영구 망미번영로 48(수영동) 에코하임리베,903,수영구,열람불가(계약 전 주택 개방),단독(1인),남여공용,0.0000,23.6500,26.8482,50.4982,1,9층,Y,도시형생활주택(원룸형),"1,000,000 ","275,200 ","2,000,000 ","335,090 ",
116,부산울산지역본부,부산동부권주거복지지사(주거복지사업처),부산광역시,매입다가구(부산수영구),부산광역시 수영구 망미번영로 48(수영동) 에코하임리베,1001,수영구,열람불가(계약 전 주택 개방),단독(1인),남여공용,0.0000,23.6500,26.8482,50.4982,1,10층,Y,도시형생활주택(원룸형),"1,000,000 ","280,070 ","2,000,000 ","341,190 ",
117,부산울산지역본부,부산동부권주거복지지사(주거복지사업처),부산광역시,매입다가구(부산수영구),부산광역시 수영구 망미번영로 48(수영동) 에코하임리베,1009,수영구,열람불가(계약 전 주택 개방),단독(1인),남여공용,0.0000,23.6500,26.8482,50.4982,1,10층,Y,도시형생활주택(원룸형),"1,000,000 ","270,330 ","2,000,000 ","329,010 ",
118,부산울산지역본부,부산동부권주거복지지사(주거복지사업처),부산광역시,매입다가구(부산수영구),부산광역시 수영구 망미번영로 48(수영동) 에코하임리베,1105,수영구,열람불가(계약 전 주택 개방),단독(1인),남여공용,0.0000,23.6500,26.8482,50.4982,1,11층,Y,도시형생활주택(원룸형),"1,000,000 ","280,070 ","2,000,000 ","341,190 ",
119,부산울산지역본부,부산동부권주거복지지사(주거복지사업처),부산광역시,매입다가구(부산수영구),부산광역시 수영구 망미번영로 48(수영동) 에코하임리베,1504,수영구,열람불가(계약 전 주택 개방),단독(1인),남여공용,0.0000,23.6500,26.8482,50.4982,1,15층,Y,도시형생활주택(원룸형),"1,000,000 ","280,070 ","2,000,000 ","341,190 ",
120,부산울산지역본부,부산동부권주거복지지사(주거복지사업처),부산광역시,매입다가구(부산수영구),부산광역시 수영구 망미번영로74번길 94(수영동) ,201,수영구,열람불가(계약 전 주택 개방),단독(1인),남여공용,,18.5500,7.7856,26.3356,1,2층,N,다가구주택,"1,000,000 ","115,560 ","2,000,000 ","137,340 ",
121,부산울산지역본부,부산동부권주거복지지사(주거복지사업처),부산광역시,매입다가구(부산수영구),부산광역시 수영구 무학로34번길 17(광안동) ,102,수영구,열람불가(계약 전 주택 개방),단독(1인),남여공용,0.0000,19.4000,8.4000,27.8000,1,1층,N,다가구주택,"1,000,000 ","253,180 ","2,000,000 ","309,430 ",
122,부산울산지역본부,부산동부권주거복지지사(주거복지사업처),부산광역시,매입다가구(부산수영구),부산광역시 수영구 무학로34번길 17(광안동) ,302,수영구,열람불가(계약 전 주택 개방),단독(1인),남여공용,0.0000,19.4000,8.4000,27.8000,1,3층,N,다가구주택,"1,000,000 ","258,330 ","2,000,000 ","315,880 ",
123,부산울산지역본부,부산동부권주거복지지사(주거복지사업처),부산광역시,매입다가구(부산수영구),부산광역시 수영구 무학로52번길 36-9(광안동) 엘리하임,201,수영구,열람불가(계약 전 주택 개방),단독(1인),남여공용,0.0000,29.7700,8.8829,38.6529,1,2층,Y,도시형생활주택(원룸형),"1,000,000 ","223,140 ","2,000,000 ","271,410 ",
124,부산울산지역본부,부산동부권주거복지지사(주거복지사업처),부산광역시,매입다가구(부산수영구),부산광역시 수영구 수영로536번길 13-4(광안동) ,202,수영구,열람불가(계약 전 주택 개방),단독(1인),남여공용,0.0000,19.2800,12.2980,31.5780,1,2층,N,다가구주택,"1,000,000 ","270,960 ","2,000,000 ","331,320 ",LPG사용
125,부산울산지역본부,부산동부권주거복지지사(주거복지사업처),부산광역시,매입다가구(부산수영구),부산광역시 수영구 수영로536번길 13-4(광안동) ,302,수영구,열람불가(계약 전 주택 개방),단독(1인),남여공용,0.0000,19.2800,12.2980,31.5780,1,3층,N,다가구주택,"1,000,000 ","270,960 ","2,000,000 ","331,320 ",LPG사용
126,부산울산지역본부,부산동부권주거복지지사(주거복지사업처),부산광역시,매입다가구(부산수영구),부산광역시 수영구 수영로536번길 13-4(광안동) ,303,수영구,열람불가(계약 전 주택 개방),단독(1인),남여공용,0.0000,19.2600,12.2840,31.5440,1,3층,N,다가구주택,"1,000,000 ","270,680 ","2,000,000 ","330,960 ",LPG사용
127,부산울산지역본부,부산동부권주거복지지사(주거복지사업처),부산광역시,매입다가구(부산수영구),부산광역시 수영구 수영로536번길 13-4(광안동) ,304,수영구,열람불가(계약 전 주택 개방),단독(1인),남여공용,0.0000,19.5800,12.4870,32.0670,1,3층,N,다가구주택,"1,000,000 ","275,290 ","2,000,000 ","336,680 ",LPG사용
128,부산울산지역본부,부산동부권주거복지지사(주거복지사업처),부산광역시,매입다가구(부산수영구),부산광역시 수영구 수영로618번길 84(광안동) 프라디움파크,403,수영구,열람불가(계약 전 주택 개방),단독(1인),남여공용,,21.0300,5.6200,26.6500,1,4층,Y,다세대주택,"1,000,000 ","206,490 ","2,000,000 ","250,520 ",
129,부산울산지역본부,부산동부권주거복지지사(주거복지사업처),부산광역시,매입다가구(부산수영구),부산광역시 수영구 수영로618번길 84(광안동) 프라디움파크,501,수영구,열람불가(계약 전 주택 개방),단독(1인),남여공용,,22.0100,5.8800,27.8900,1,5층,Y,다세대주택,"1,000,000 ","269,490 ","2,000,000 ","329,150 ",
130,부산울산지역본부,부산동부권주거복지지사(주거복지사업처),부산광역시,매입다가구(부산수영구),"부산광역시 수영구 연수로270번길 31(망미동,일마레) 일마레",201,수영구,열람불가(계약 전 주택 개방),단독(1인),남여공용,7.2600,41.1900,10.1069,51.2969,1,2층,Y,혼합형,"1,000,000 ","400,090 ","2,000,000 ","490,520 ",
131,부산울산지역본부,부산동부권주거복지지사(주거복지사업처),부산광역시,매입다가구(부산수영구),"부산광역시 수영구 연수로270번길 31(망미동,일마레) 일마레",502,수영구,열람불가(계약 전 주택 개방),단독(1인),남여공용,0.0000,45.8300,11.6886,57.5186,2,5층,Y,혼합형,"1,000,000 ","325,180 ","2,000,000 ","397,220 ",
132,부산울산지역본부,부산동부권주거복지지사(주거복지사업처),부산광역시,매입다가구(부산수영구),"부산광역시 수영구 연수로296번길 23(망미동,망미다원) 다원",502,수영구,열람불가(계약 전 주택 개방),단독(1인),남여공용,0.0000,33.2400,8.2536,41.4936,1,5층,Y,도시형생활주택(원룸형),"1,000,000 ","295,550 ","2,000,000 ","360,850 ",
133,부산울산지역본부,부산동부권주거복지지사(주거복지사업처),부산광역시,매입다가구(부산수영구),부산광역시 수영구 연수로392번길 37(광안동) 센텀뷰,205,수영구,열람불가(계약 전 주택 개방),단독(1인),남여공용,,24.3300,9.9922,34.3222,1,2층,Y,다세대주택,"1,000,000 ","242,120 ","2,000,000 ","294,210 ",
134,부산울산지역본부,부산동부권주거복지지사(주거복지사업처),부산광역시,매입다가구(부산해운대구),부산광역시 해운대구 윗반송로51번길 149(반송동) ,201,해운대구,열람불가(계약 전 주택 개방),단독(1인),남여공용,0.0000,29.7100,7.6300,37.3400,1,2층,N,다가구주택,"1,000,000 ","160,800 ","2,000,000 ","192,180 ",
135,부산울산지역본부,부산동부권주거복지지사(주거복지사업처),부산광역시,매입다가구(부산해운대구),부산광역시 해운대구 윗반송로51번길 149(반송동) ,203,해운대구,열람불가(계약 전 주택 개방),단독(1인),남여공용,0.0000,30.9900,7.9600,38.9500,1,2층,N,다가구주택,"1,000,000 ","168,030 ","2,000,000 ","201,030 ",
136,부산울산지역본부,부산동부권주거복지지사(주거복지사업처),부산광역시,매입다가구(부산해운대구),부산광역시 해운대구 윗반송로51번길 149(반송동) ,204,해운대구,열람불가(계약 전 주택 개방),단독(1인),남여공용,0.0000,30.1000,7.7300,37.8300,1,2층,N,다가구주택,"1,000,000 ","161,750 ","2,000,000 ","193,310 ",
137,부산울산지역본부,부산동부권주거복지지사(주거복지사업처),부산광역시,매입다가구(부산해운대구),부산광역시 해운대구 윗반송로51번길 149(반송동) ,301,해운대구,열람불가(계약 전 주택 개방),단독(1인),남여공용,0.0000,29.7100,7.6300,37.3400,1,3층,N,다가구주택,"1,000,000 ","160,800 ","2,000,000 ","192,180 ",
138,부산울산지역본부,부산동부권주거복지지사(주거복지사업처),부산광역시,매입다가구(부산해운대구),부산광역시 해운대구 윗반송로51번길 149(반송동) ,303,해운대구,열람불가(계약 전 주택 개방),단독(1인),남여공용,0.0000,30.9900,7.9600,38.9500,1,3층,N,다가구주택,"1,000,000 ","168,030 ","2,000,000 ","201,030 ",
139,부산울산지역본부,부산동부권주거복지지사(주거복지사업처),부산광역시,매입다가구(부산해운대구),부산광역시 해운대구 윗반송로51번길 149(반송동) ,304,해운대구,열람불가(계약 전 주택 개방),단독(1인),남여공용,0.0000,30.1000,7.7300,37.8300,1,3층,N,다가구주택,"1,000,000 ","161,750 ","2,000,000 ","193,310 ",
140,부산울산지역본부,부산동부권주거복지지사(주거복지사업처),부산광역시,매입다가구(부산해운대구),부산광역시 해운대구 윗반송로51번길 149(반송동) ,401,해운대구,열람불가(계약 전 주택 개방),단독(1인),남여공용,0.0000,29.7100,7.6300,37.3400,1,4층,N,다가구주택,"1,000,000 ","159,600 ","2,000,000 ","190,680 ",
141,부산울산지역본부,부산동부권주거복지지사(주거복지사업처),부산광역시,매입다가구(부산해운대구),부산광역시 해운대구 윗반송로51번길 149(반송동) ,403,해운대구,열람불가(계약 전 주택 개방),단독(1인),남여공용,0.0000,30.9900,7.9600,38.9500,1,4층,N,다가구주택,"1,000,000 ","166,590 ","2,000,000 ","199,230 ",
142,부산울산지역본부,부산동부권주거복지지사(주거복지사업처),부산광역시,매입다가구(부산해운대구),부산광역시 해운대구 윗반송로51번길 149(반송동) ,404,해운대구,열람불가(계약 전 주택 개방),단독(1인),남여공용,0.0000,30.1000,7.7300,37.8300,1,4층,N,다가구주택,"1,000,000 ","160,550 ","2,000,000 ","191,810 ",
143,부산울산지역본부,부산동부권주거복지지사(주거복지사업처),부산광역시,매입다가구(부산해운대구),부산광역시 해운대구 재반로64번가길 17(재송동) ,201,해운대구,열람불가(계약 전 주택 개방),단독(1인),남여공용,,15.5880,6.7278,22.3158,1,2층,N,다세대주택,"1,000,000 ","116,230 ","2,000,000 ","138,750 ",
144,부산울산지역본부,부산동부권주거복지지사(주거복지사업처),부산광역시,매입다가구(부산해운대구),부산광역시 해운대구 재반로64번가길 17(재송동) ,202,해운대구,열람불가(계약 전 주택 개방),단독(1인),남여공용,,15.5880,6.7278,22.3158,1,2층,N,다세대주택,"1,000,000 ","116,230 ","2,000,000 ","138,750 ",
145,부산울산지역본부,부산동부권주거복지지사(주거복지사업처),부산광역시,매입다가구(부산해운대구),부산광역시 해운대구 재반로64번가길 17(재송동) ,304,해운대구,열람불가(계약 전 주택 개방),단독(1인),남여공용,,15.5880,6.7278,22.3158,1,3층,N,다세대주택,"1,000,000 ","116,230 ","2,000,000 ","138,750 ",
146,부산울산지역본부,부산동부권주거복지지사(주거복지사업처),부산광역시,매입다가구(부산해운대구),부산광역시 해운대구 재반로64번가길 17(재송동) ,505,해운대구,열람불가(계약 전 주택 개방),단독(1인),남여공용,,15.5880,6.7278,22.3158,1,5층,N,다세대주택,"1,000,000 ","116,230 ","2,000,000 ","138,750 ",
147,부산울산지역본부,부산동부권주거복지지사(주거복지사업처),부산광역시,매입다가구(부산해운대구),부산광역시 해운대구 재송2로28번가길 9(재송동) ,202,해운대구,열람불가(계약 전 주택 개방),단독(1인),남여공용,,17.1900,6.5370,23.7270,1,2층,N,다가구주택,"1,000,000 ","107,300 ","2,000,000 ","127,270 ",
148,부산울산지역본부,부산동부권주거복지지사(주거복지사업처),부산광역시,매입다가구(부산금정구),"부산광역시 금정구 금강로335번길 106-3(장전동,솔로몬) 솔로몬",505,금정구,열람불가(계약 전 주택 개방),단독(1인),남여공용,,16.7200,3.6108,20.3308,1,5층,N,도시형생활주택(원룸형),"1,000,000 ","119,830 ","2,000,000 ","143,080 ",
149,부산울산지역본부,부산동부권주거복지지사(주거복지사업처),부산광역시,매입다가구(부산금정구),부산광역시 금정구 기찰로 21(부곡동) 로웰하우스,201,금정구,열람불가(계약 전 주택 개방),단독(1인),남여공용,0.0000,29.6100,12.9663,42.5763,1,2층,N,다세대주택,"1,000,000 ","263,910 ","2,000,000 ","321,280 ",
150,부산울산지역본부,부산동부권주거복지지사(주거복지사업처),부산광역시,매입다가구(부산금정구),부산광역시 금정구 동부곡로15번길 68-3(부곡동) ,302,금정구,열람불가(계약 전 주택 개방),단독(1인),남여공용,0.0000,19.4000,16.4190,35.8190,1,3층,N,다가구주택,"1,000,000 ","213,730 ","2,000,000 ","260,790 ",
151,부산울산지역본부,부산동부권주거복지지사(주거복지사업처),부산광역시,매입다가구(부산금정구),부산광역시 금정구 동부곡로15번길 68-8(부곡동) ,202호,금정구,열람불가(계약 전 주택 개방),단독(1인),남여공용,,19.5100,9.1040,28.6140,1,2층,N,다가구주택,"1,000,000 ","144,950 ","2,000,000 ","176,500 ",
152,부산울산지역본부,부산동부권주거복지지사(주거복지사업처),부산광역시,매입다가구(부산금정구),부산광역시 금정구 동부곡로15번길 68-8(부곡동) ,403호,금정구,열람불가(계약 전 주택 개방),단독(1인),남여공용,,19.6800,9.1833,28.8633,1,4층,N,다가구주택,"1,000,000 ","142,250 ","2,000,000 ","173,110 ",
153,부산울산지역본부,부산동부권주거복지지사(주거복지사업처),부산광역시,매입다가구(부산금정구),부산광역시 금정구 동부곡로23번길 43(부곡동) ,102호,금정구,열람불가(계약 전 주택 개방),단독(1인),남여공용,0.0000,19.2300,9.9826,29.2126,1,1층,N,다가구주택,"1,000,000 ","139,550 ","2,000,000 ","169,750 ",
154,부산울산지역본부,부산동부권주거복지지사(주거복지사업처),부산광역시,매입다가구(부산금정구),부산광역시 금정구 두실로 55-13(구서동) 대영빌,302,금정구,열람불가(계약 전 주택 개방),단독(1인),남여공용,,16.5750,5.2677,21.8427,1,3층,N,다가구주택,"1,000,000 ","142,460 ","2,000,000 ","171,550 ",
155,부산울산지역본부,부산동부권주거복지지사(주거복지사업처),부산광역시,매입다가구(부산금정구),"부산광역시 금정구 두실로 56(남산동,에스하우스) 에스하우스",203,금정구,열람불가(계약 전 주택 개방),단독(1인),남여공용,,16.0160,5.9290,21.9450,1,2층,Y,도시형생활주택(원룸형),"1,000,000 ","129,440 ","2,000,000 ","155,040 ",
156,부산울산지역본부,부산동부권주거복지지사(주거복지사업처),부산광역시,매입다가구(부산금정구),"부산광역시 금정구 두실로 56(남산동,에스하우스) 에스하우스",302,금정구,열람불가(계약 전 주택 개방),단독(1인),남여공용,`,15.9310,5.8970,21.8280,1,3층,Y,도시형생활주택(원룸형),"1,000,000 ","132,560 ","2,000,000 ","158,940 ",
157,부산울산지역본부,부산동부권주거복지지사(주거복지사업처),부산광역시,매입다가구(부산금정구),"부산광역시 금정구 두실로 56(남산동,에스하우스) 에스하우스",303,금정구,열람불가(계약 전 주택 개방),단독(1인),남여공용,,16.0160,5.9290,21.9450,1,3층,Y,도시형생활주택(원룸형),"1,000,000 ","129,440 ","2,000,000 ","155,040 ",
158,부산울산지역본부,부산동부권주거복지지사(주거복지사업처),부산광역시,매입다가구(부산금정구),"부산광역시 금정구 두실로 56(남산동,에스하우스) 에스하우스",403,금정구,열람불가(계약 전 주택 개방),단독(1인),남여공용,,16.3310,6.0460,22.3770,1,4층,Y,도시형생활주택(원룸형),"1,000,000 ","132,120 ","2,000,000 ","158,350 ",
159,부산울산지역본부,부산동부권주거복지지사(주거복지사업처),부산광역시,매입다가구(부산금정구),"부산광역시 금정구 두실로 56(남산동,에스하우스) 에스하우스",503,금정구,열람불가(계약 전 주택 개방),단독(1인),남여공용,,15.3120,5.6690,20.9810,1,5층,Y,도시형생활주택(원룸형),"1,000,000 ","123,470 ","2,000,000 ","147,650 ",
160,부산울산지역본부,부산동부권주거복지지사(주거복지사업처),부산광역시,매입다가구(부산금정구),"부산광역시 금정구 두실로 56(남산동,에스하우스) 에스하우스",505,금정구,열람불가(계약 전 주택 개방),단독(1인),남여공용,,19.4350,7.1950,26.6300,1,5층,Y,도시형생활주택(원룸형),"1,000,000 ","185,050 ","2,000,000 ","224,140 ",
161,부산울산지역본부,부산동부권주거복지지사(주거복지사업처),부산광역시,매입다가구(부산금정구),"부산광역시 금정구 부곡로18번안길 15(부곡동,아이콘4) 아이콘4",301,금정구,열람불가(계약 전 주택 개방),단독(1인),남여공용,0.0000,20.5950,5.5160,26.1110,1,3층,Y,도시형생활주택(원룸형),"1,000,000 ","177,400 ","2,000,000 ","214,810 ",
162,부산울산지역본부,부산동부권주거복지지사(주거복지사업처),부산광역시,매입다가구(부산금정구),"부산광역시 금정구 부곡로18번안길 15(부곡동,아이콘4) 아이콘4",304,금정구,열람불가(계약 전 주택 개방),단독(1인),남여공용,0.0000,20.5950,7.6090,28.2040,1,3층,Y,도시형생활주택(원룸형),"1,000,000 ","179,930 ","2,000,000 ","217,770 ",
163,부산울산지역본부,부산동부권주거복지지사(주거복지사업처),부산광역시,매입다가구(부산금정구),부산광역시 금정구 부산대학로50번길 54(장전동) 헤브니아,508,금정구,열람불가(계약 전 주택 개방),단독(1인),남여공용,0.0000,21.4550,7.7613,29.2163,1,5층,Y,혼합형,"1,000,000 ","173,530 ","2,000,000 ","209,860 ",
164,부산울산지역본부,부산동부권주거복지지사(주거복지사업처),부산광역시,매입다가구(부산금정구),부산광역시 금정구 수림로62번길 16(장전동) 클래스원,203,금정구,열람불가(계약 전 주택 개방),단독(1인),남여공용,4.4100,25.8700,10.6070,36.4770,1,2층,Y,,"1,000,000 ","219,000 ","2,000,000 ","266,390 ",
165,부산울산지역본부,부산동부권주거복지지사(주거복지사업처),부산광역시,매입다가구(부산금정구),부산광역시 금정구 수림로62번길 16(장전동) 클래스원,304,금정구,열람불가(계약 전 주택 개방),단독(1인),남여공용,4.3300,25.8100,10.6480,36.4580,1,3층,Y,,"1,000,000 ","222,950 ","2,000,000 ","271,340 ",
166,부산울산지역본부,부산동부권주거복지지사(주거복지사업처),부산광역시,매입다가구(부산금정구),부산광역시 금정구 수림로62번길 16(장전동) 클래스원,505,금정구,열람불가(계약 전 주택 개방),단독(1인),남여공용,0.0000,29.5000,12.2595,41.7595,1,5층,Y,,"1,000,000 ","250,970 ","2,000,000 ","305,790 ",
167,부산울산지역본부,부산동부권주거복지지사(주거복지사업처),부산광역시,매입다가구(부산금정구),부산광역시 금정구 수림로66번길 40(장전동) ,202,금정구,열람불가(계약 전 주택 개방),단독(1인),남여공용,0.0000,19.4000,6.7800,26.1800,1,2층,N,다가구주택,"1,000,000 ","242,240 ","2,000,000 ","295,840 ",
168,부산울산지역본부,부산동부권주거복지지사(주거복지사업처),부산광역시,매입다가구(부산금정구),부산광역시 금정구 수림로66번길 40(장전동) ,304,금정구,열람불가(계약 전 주택 개방),단독(1인),남여공용,0.0000,19.5800,6.8500,26.4300,1,3층,N,다가구주택,"1,000,000 ","244,540 ","2,000,000 ","298,710 ",
169,부산울산지역본부,부산동부권주거복지지사(주거복지사업처),부산광역시,매입다가구(부산금정구),부산광역시 금정구 수림로91번길 13(장전동) ,203,금정구,열람불가(계약 전 주택 개방),단독(1인),남여공용,0.0000,23.2813,12.3000,35.5813,1,2층,Y,도시형생활주택(원룸형),"1,000,000 ","261,670 ","2,000,000 ","319,100 ",
170,부산울산지역본부,부산동부권주거복지지사(주거복지사업처),부산광역시,매입다가구(부산금정구),부산광역시 금정구 장전온천천로101번길 9(장전동) 해솔랑,203,금정구,열람불가(계약 전 주택 개방),단독(1인),남여공용,0.0000,37.0700,8.7931,45.8631,1,2층,Y,도시형생활주택(원룸형),"1,000,000 ","335,130 ","2,000,000 ","409,420 ",
171,부산울산지역본부,부산동부권주거복지지사(주거복지사업처),부산광역시,매입다가구(부산금정구),부산광역시 금정구 장전온천천로113번길 6(장전동) ,203호,금정구,열람불가(계약 전 주택 개방),단독(1인),남여공용,,18.3900,8.8029,27.1929,1,2층,N,다가구주택,"1,000,000 ","223,250 ","2,000,000 ","274,360 ",
172,부산울산지역본부,부산동부권주거복지지사(주거복지사업처),부산광역시,매입다가구(부산금정구),부산광역시 금정구 청룡예전로 8-11(청룡동) 에스에이치빌,203,금정구,열람불가(계약 전 주택 개방),단독(1인),남여공용,0.0000,24.3100,11.1621,35.4721,1,2층,Y,다세대주택,"1,000,000 ","208,110 ","2,000,000 ","252,890 ",
173,부산울산지역본부,부산동부권주거복지지사(주거복지사업처),부산광역시,매입다가구(부산금정구),부산광역시 금정구 청룡예전로 8-11(청룡동) 에스에이치빌,302,금정구,열람불가(계약 전 주택 개방),단독(1인),남여공용,0.0000,21.1300,9.6989,30.8289,1,3층,Y,다세대주택,"1,000,000 ","180,040 ","2,000,000 ","218,130 ",
174,부산울산지역본부,부산동부권주거복지지사(주거복지사업처),부산광역시,매입다가구(부산금정구),부산광역시 금정구 팔송로39번길 99(남산동) ,201,금정구,열람불가(계약 전 주택 개방),단독(1인),남여공용,,15.8900,8.4700,24.3600,1,2층,N,다가구주택,"1,000,000 ","175,740 ","2,000,000 ","211,720 ",
175,부산울산지역본부,부산동부권주거복지지사(주거복지사업처),부산광역시,매입다가구(부산금정구),부산광역시 금정구 팔송로39번길 99(남산동) ,202,금정구,열람불가(계약 전 주택 개방),단독(1인),남여공용,,15.8900,8.4700,24.3600,1,2층,N,다가구주택,"1,000,000 ","169,270 ","2,000,000 ","203,640 ",
176,부산울산지역본부,부산동부권주거복지지사(주거복지사업처),부산광역시,매입다가구(부산금정구),부산광역시 금정구 팔송로39번길 99(남산동) ,303,금정구,열람불가(계약 전 주택 개방),단독(1인),남여공용,,15.8900,8.4700,24.3600,1,3층,N,다가구주택,"1,000,000 ","171,420 ","2,000,000 ","206,330 ",
177,부산울산지역본부,부산동부권주거복지지사(주거복지사업처),부산광역시,매입다가구(부산금정구),부산광역시 금정구 팔송로53번길 23(남산동) ,201,금정구,열람불가(계약 전 주택 개방),단독(1인),남여공용,0.0000,19.2450,15.6920,34.9370,1,2층,N,다가구주택,"1,000,000 ","214,030 ","2,000,000 ","260,920 ",
178,부산울산지역본부,부산동부권주거복지지사(주거복지사업처),부산광역시,매입다가구(부산금정구),부산광역시 금정구 팔송로53번길 23(남산동) ,202,금정구,열람불가(계약 전 주택 개방),단독(1인),남여공용,0.0000,19.2450,15.6920,34.9370,1,2층,N,다가구주택,"1,000,000 ","214,030 ","2,000,000 ","260,920 ",
179,부산울산지역본부,부산동부권주거복지지사(주거복지사업처),부산광역시,매입다가구(부산금정구),부산광역시 금정구 팔송로53번길 23(남산동) ,302,금정구,열람불가(계약 전 주택 개방),단독(1인),남여공용,0.0000,19.2450,15.6920,34.9370,1,3층,N,다가구주택,"1,000,000 ","214,030 ","2,000,000 ","260,920 ",
