,지역본부,지역,명,주소,동,호,주택군 이름,주택열람일정,공급형,성별용도 구분,"전용
면적","주거공용
면적",면적계,방수,층수,"승강기
유무",주택유형,복층여부,청년1순위_기본 임대조건임대보증금,청년1순위_기본 임대조건월임대료,청년1순위_임대료→보증금 최대전환시임대보증금,청년1순위_임대료→보증금 최대전환시월임대료,"청년 2순위, 3순위_기본 임대조건임대보증금","청년 2순위, 3순위_기본 임대조건월임대료","청년 2순위, 3순위_임대료→보증금 최대전환시임대보증금","청년 2순위, 3순위_임대료→보증금 최대전환시월임대료"
1,서울지역본부,서울특별시,매입다가구(서울강동구),서울특별시 강동구 성안로3길 7(성내동) 르레브,,303,강동성내동(르레브),열람불가(계약 전 주택 개방),단독(1인),남여공용,21.44,4.81,26.25,1,3층,Y,도시형생활주택,,"1,000,000","357,210","37,700,000","143,120","2,000,000","436,330","46,800,000","174,990"
2,서울지역본부,서울특별시,매입다가구(서울강동구),서울특별시 강동구 진황도로 151-10(둔촌동) ,,102,강동둔촌동,열람불가(계약 전 주택 개방),단독(1인),남여공용,19.63,8.37,28,1,1층,N,다가구주택,,"1,000,000","280,000","29,700,000","112,580","2,000,000","340,570","37,000,000","136,400"
3,서울지역본부,서울특별시,매입다가구(서울강북구),"서울특별시 강북구 한천로148길 12-13(수유동,칸타빌 수유팰리스) 칸타빌 수유팰리스",,314,강북수유동(칸타빌수유팰리스),열람불가(계약 전 주택 개방),단독(1인),남여공용,19.9815,18.0898,38.0713,1,3층,Y,아파트,,"1,000,000","237,290","25,400,000","94,950","2,000,000","288,530","31,600,000","115,860"
4,서울지역본부,서울특별시,매입다가구(서울강서구),서울특별시 강서구 곰달래로57길 23-6(화곡동) ,,402,강서화곡동,열람불가(계약 전 주택 개방),단독(1인),남여공용,18.74,4.573,23.313,1,4층,N,다가구주택,,"1,000,000","184,610","19,900,000","74,360","2,000,000","297,870","32,600,000","119,370"
5,서울지역본부,서울특별시,매입다가구(서울강서구),서울특별시 강서구 화곡로 350(화곡동) SJ라벨라,,317,강서화곡동(SJ라벨라),열람불가(계약 전 주택 개방),단독(1인),남여공용,20.38,13.46,33.84,1,3층,Y,오피스텔,,"1,000,000","341,320","36,100,000","136,570","2,000,000","418,130","45,000,000","167,290"
6,서울지역본부,서울특별시,매입다가구(서울강서구),서울특별시 강서구 화곡로 350(화곡동) SJ라벨라,,714,강서화곡동(SJ라벨라),열람불가(계약 전 주택 개방),단독(1인),남여공용,20.38,13.46,33.84,1,7층,Y,오피스텔,,"1,000,000","324,410","34,300,000","130,160","2,000,000","397,040","42,800,000","159,040"
7,서울지역본부,서울특별시,매입다가구(서울강서구),서울특별시 강서구 화곡로 350(화곡동) SJ라벨라,,916,강서화곡동(SJ라벨라),열람불가(계약 전 주택 개방),단독(1인),남여공용,20.38,13.46,33.84,1,9층,Y,오피스텔,,"1,000,000","324,410","34,300,000","130,160","2,000,000","397,040","42,800,000","159,040"
8,서울지역본부,서울특별시,매입다가구(서울강서구),서울특별시 강서구 화곡로 350(화곡동) SJ라벨라,,1516,강서화곡동(SJ라벨라),열람불가(계약 전 주택 개방),단독(1인),남여공용,20.38,13.46,33.84,1,15층,Y,오피스텔,,"1,000,000","354,700","37,400,000","142,360","2,000,000","434,860","46,700,000","174,110"
9,서울지역본부,서울특별시,매입다가구(서울광진구),"서울특별시 광진구 능동로36길 129(능동,능동 에스하임) ",,204,광진능동(능동에스하임),열람불가(계약 전 주택 개방),단독(1인),남여공용,27.58,8.55,36.13,1,2층,Y,도시형생활주택,,"1,000,000","490,560","51,400,000","196,560","2,000,000","600,030","63,700,000","240,110"
10,서울지역본부,서울특별시,매입다가구(서울광진구),서울특별시 광진구 능동로39길 5(중곡동) 와이위드미,,301,광진중곡동(와이위드미),열람불가(계약 전 주택 개방),단독(1인),남여공용,19.76,18.46,38.22,1,3층,Y,도시형생활주택,Y,"1,000,000","463,510","48,600,000","185,840","2,000,000","569,700","60,500,000","228,450"
11,서울지역본부,서울특별시,매입다가구(서울광진구),서울특별시 광진구 능동로39길 5(중곡동) 와이위드미,,401,광진중곡동(와이위드미),열람불가(계약 전 주택 개방),단독(1인),남여공용,19.76,18.46,38.22,1,4층,Y,도시형생활주택,Y,"1,000,000","463,510","48,600,000","185,840","2,000,000","569,700","60,500,000","228,450"
12,서울지역본부,서울특별시,매입다가구(서울광진구),"서울특별시 광진구 동일로 174(화양동,더 메종 건대) 더 메종 건대",,807,광진화양동(더메종건대),열람불가(계약 전 주택 개방),단독(1인),남여공용,14.63,5.72,20.35,1,8층,Y,도시형생활주택,Y,"1,000,000","274,800","29,200,000","110,300","2,000,000","335,640","36,500,000","134,390"
13,서울지역본부,서울특별시,매입다가구(서울광진구),"서울특별시 광진구 천호대로136길 52-1(구의동,구의 에스하임 Ⅳ) 구의에스하임4",,202,광진구의동(구의에스하임4),열람불가(계약 전 주택 개방),단독(1인),남여공용,36.07,5.36,41.43,1,2층,N,도시형생활주택,,"1,000,000","339,220","35,800,000","136,220","2,000,000","548,200","58,300,000","219,780"
14,서울지역본부,서울특별시,매입다가구(서울광진구),"서울특별시 광진구 천호대로136길 52-1(구의동,구의 에스하임 Ⅳ) 구의에스하임4",,502,광진구의동(구의에스하임4),열람불가(계약 전 주택 개방),단독(1인),남여공용,46.04,6.85,52.89,1,5층,N,도시형생활주택,,"1,000,000","409,540","43,100,000","163,950","2,000,000","661,150","70,000,000","264,480"
15,서울지역본부,서울특별시,매입다가구(서울구로구),서울특별시 구로구 경인로35길 16-8(개봉동) 오성드림빌,103,202,구로개봉동(오성드림빌),열람불가(계약 전 주택 개방),단독(1인),남여공용,69.01,8.81,77.82,3,2층,N,다세대주택,,"1,000,000","604,730","63,200,000","241,890","2,000,000","744,140","78,500,000","297,890"
16,서울지역본부,서울특별시,매입다가구(서울구로구),서울특별시 구로구 고척로27다길 90(고척동) ,,401,구로고척동1,열람불가(계약 전 주택 개방),단독(1인),남여공용,23.38,5.72,29.1,1,4층,N,다세대주택,,"1,000,000","194,950","21,000,000","78,280","2,000,000","239,810","26,600,000","96,310"
17,서울지역본부,서울특별시,매입다가구(서울구로구),서울특별시 구로구 고척로39길 48-6(고척동) ,,301,구로고척동2,열람불가(계약 전 주택 개방),단독(1인),남여공용,22.18,8.97,31.15,1,3층,N,다가구주택,,"1,000,000","234,610","25,100,000","94,020","2,000,000","289,390","31,700,000","116,140"
18,서울지역본부,서울특별시,매입다가구(서울구로구),"서울특별시 구로구 구로동로7길 25(가리봉동,아덴하임) ",103,501,구로가리봉동(아덴하임),열람불가(계약 전 주택 개방),단독(1인),남여공용,17.55,6.82,24.37,1,5층,N,다세대주택,,"1,000,000","216,100","23,200,000","86,600","2,000,000","263,830","29,100,000","105,740"
19,서울지역본부,서울특별시,매입다가구(서울금천구),서울특별시 금천구 독산로64다길 14(독산동) 오성드림빌,101,402,금천독산동(오성드림빌),열람불가(계약 전 주택 개방),단독(1인),남여공용,54.58,7.04,61.62,2,4층,N,다세대주택,,"1,000,000","564,620","59,000,000","226,280","2,000,000","695,490","73,500,000","278,400"
20,서울지역본부,서울특별시,매입다가구(서울금천구),서울특별시 금천구 독산로64다길 14(독산동) 오성드림빌,102,401,금천독산동(오성드림빌),열람불가(계약 전 주택 개방),단독(1인),남여공용,53.5,7.05,60.55,2,4층,N,다세대주택,,"1,000,000","539,120","56,400,000","215,950","2,000,000","663,930","70,200,000","266,090"
21,서울지역본부,서울특별시,매입다가구(서울금천구),서울특별시 금천구 독산로64다길 14(독산동) 오성드림빌,102,502,금천독산동(오성드림빌),열람불가(계약 전 주택 개방),단독(1인),남여공용,45.52,5.99,51.51,2,5층,N,다세대주택,,"1,000,000","453,230","47,600,000","181,390","2,000,000","557,460","59,300,000","223,210"
22,서울지역본부,서울특별시,매입다가구(서울금천구),서울특별시 금천구 독산로64다길 14(독산동) 오성드림빌,103,301,금천독산동(오성드림빌),열람불가(계약 전 주택 개방),단독(1인),남여공용,71.23,9.58,80.81,3,3층,N,다세대주택,,"1,000,000","682,740","71,200,000","273,240","2,000,000","841,450","88,500,000","336,860"
23,서울지역본부,서울특별시,매입다가구(서울금천구),서울특별시 금천구 독산로64다길 14(독산동) 오성드림빌,103,402,금천독산동(오성드림빌),열람불가(계약 전 주택 개방),단독(1인),남여공용,52.42,7.06,59.48,2,4층,N,다세대주택,,"1,000,000","524,190","54,900,000","209,770","2,000,000","645,370","68,300,000","258,620"
24,서울지역본부,서울특별시,매입다가구(서울금천구),서울특별시 금천구 독산로64다길 14(독산동) 오성드림빌,103,501,금천독산동(오성드림빌),열람불가(계약 전 주택 개방),단독(1인),남여공용,44.44,5.98,50.42,2,5층,N,다세대주택,,"1,000,000","450,400","47,300,000","180,310","2,000,000","554,030","58,900,000","222,110"
25,서울지역본부,서울특별시,매입다가구(서울금천구),서울특별시 금천구 독산로64다길 14(독산동) 오성드림빌,104,201,금천독산동(오성드림빌),열람불가(계약 전 주택 개방),단독(1인),남여공용,73.43,9.74,83.17,3,2층,N,다세대주택,,"1,000,000","720,440","75,100,000","288,190","2,000,000","888,230","93,300,000","355,640"
26,서울지역본부,서울특별시,매입다가구(서울금천구),서울특별시 금천구 독산로64다길 14(독산동) 오성드림빌,104,202,금천독산동(오성드림빌),열람불가(계약 전 주택 개방),단독(1인),남여공용,74.48,9.88,84.36,3,2층,N,다세대주택,,"1,000,000","723,330","75,300,000","289,910","2,000,000","891,730","93,700,000","356,810"
27,서울지역본부,서울특별시,매입다가구(서울금천구),서울특별시 금천구 독산로64다길 14(독산동) 오성드림빌,104,501,금천독산동(오성드림빌),열람불가(계약 전 주택 개방),단독(1인),남여공용,43.7,5.8,49.5,2,5층,N,다세대주택,,"1,000,000","455,140","47,800,000","182,140","2,000,000","559,980","59,500,000","224,560"
28,서울지역본부,서울특별시,매입다가구(서울금천구),서울특별시 금천구 독산로64다길 14(독산동) 오성드림빌,104,502,금천독산동(오성드림빌),열람불가(계약 전 주택 개방),단독(1인),남여공용,40.76,5.41,46.17,2,5층,N,다세대주택,,"1,000,000","424,760","44,600,000","170,420","2,000,000","522,330","55,700,000","209,080"
29,서울지역본부,서울특별시,매입다가구(서울금천구),서울특별시 금천구 독산로70길 76(독산동) ,,401,금천독산동,열람불가(계약 전 주택 개방),단독(1인),남여공용,14.72,10.386,25.106,1,4층,N,다세대주택,,"1,000,000","135,140","14,900,000","54,050","2,000,000","165,860","19,000,000","66,690"
30,서울지역본부,서울특별시,매입다가구(서울금천구),서울특별시 금천구 시흥대로48길 31(시흥동) 엘림하우스-1,,201,금천시흥동(엘림하우스-1),열람불가(계약 전 주택 개방),단독(1인),남여공용,29.8,7.02,36.82,1,2층,N,다가구주택,,"1,000,000","232,410","24,900,000","92,990","2,000,000","374,840","40,500,000","150,250"
31,서울지역본부,서울특별시,매입다가구(서울금천구),서울특별시 금천구 시흥대로48길 31(시흥동) 엘림하우스-1,,301,금천시흥동(엘림하우스-1),열람불가(계약 전 주택 개방),단독(1인),남여공용,29.8,7.02,36.82,1,3층,N,다가구주택,,"1,000,000","232,410","24,900,000","92,990","2,000,000","374,840","40,500,000","150,250"
32,서울지역본부,서울특별시,매입다가구(서울금천구),서울특별시 금천구 시흥대로50길 31-4(시흥동) ,,203,금천시흥동,열람불가(계약 전 주택 개방),단독(1인),남여공용,18.18,8.19,26.37,1,2층,N,다가구주택,,"1,000,000","227,840","24,400,000","91,340","2,000,000","369,210","39,900,000","148,120"
33,서울지역본부,서울특별시,매입다가구(서울노원구),서울특별시 노원구 공릉로58라길 16(하계동) 하계동 70-13,,205,노원하계동,열람불가(계약 전 주택 개방),단독(1인),남여공용,15.57,7.2,22.77,1,2층,N,다가구주택,,"1,000,000","209,030","22,500,000","83,610","2,000,000","254,710","28,100,000","102,460"
34,서울지역본부,서울특별시,매입다가구(서울노원구),서울특별시 노원구 공릉로58라길 16(하계동) 하계동 70-13,,303,노원하계동,열람불가(계약 전 주택 개방),단독(1인),남여공용,15.93,7.37,23.3,1,3층,N,다가구주택,,"1,000,000","215,920","23,200,000","86,420","2,000,000","263,270","29,000,000","105,770"
35,서울지역본부,서울특별시,매입다가구(서울노원구),서울특별시 노원구 화랑로51가길 3-24(공릉동) 라티빌7,,201,노원공릉동(라티빌7),열람불가(계약 전 주택 개방),단독(1인),남여공용,23.89,5.66,29.55,1,2층,Y,도시형생활주택,,"1,000,000","252,780","27,000,000","101,110","2,000,000","307,810","33,600,000","123,470"
36,서울지역본부,서울특별시,매입다가구(서울노원구),서울특별시 노원구 화랑로51가길 3-24(공릉동) 라티빌7,,202,노원공릉동(라티빌7),열람불가(계약 전 주택 개방),단독(1인),남여공용,25.35,5.99,31.34,1,2층,Y,도시형생활주택,,"1,000,000","269,930","28,700,000","108,340","2,000,000","328,860","35,800,000","131,690"
37,서울지역본부,서울특별시,매입다가구(서울노원구),서울특별시 노원구 화랑로51가길 3-24(공릉동) 라티빌7,,203,노원공릉동(라티빌7),열람불가(계약 전 주택 개방),단독(1인),남여공용,29.84,7.47,37.31,1,2층,Y,도시형생활주택,,"1,000,000","323,950","34,300,000","129,700","2,000,000","395,450","42,600,000","158,610"
38,서울지역본부,서울특별시,매입다가구(서울노원구),서울특별시 노원구 화랑로51가길 3-24(공릉동) 라티빌7,,204,노원공릉동(라티빌7),열람불가(계약 전 주택 개방),단독(1인),남여공용,29.91,7.4,37.31,1,2층,Y,도시형생활주택,,"1,000,000","320,280","33,900,000","128,360","2,000,000","390,910","42,200,000","156,410"
39,서울지역본부,서울특별시,매입다가구(서울노원구),서울특별시 노원구 화랑로51가길 3-24(공릉동) 라티빌7,,205,노원공릉동(라티빌7),열람불가(계약 전 주택 개방),단독(1인),남여공용,29.24,7.25,36.49,1,2층,Y,도시형생활주택,,"1,000,000","312,650","33,100,000","125,400","2,000,000","381,550","41,200,000","152,880"
40,서울지역본부,서울특별시,매입다가구(서울노원구),서울특별시 노원구 화랑로51가길 3-24(공릉동) 라티빌7,,206,노원공릉동(라티빌7),열람불가(계약 전 주택 개방),단독(1인),남여공용,26.2,6.74,32.94,1,2층,Y,도시형생활주택,,"1,000,000","280,880","29,800,000","112,880","2,000,000","342,410","37,200,000","137,070"
41,서울지역본부,서울특별시,매입다가구(서울노원구),서울특별시 노원구 화랑로51가길 3-24(공릉동) 라티빌7,,301,노원공릉동(라티빌7),열람불가(계약 전 주택 개방),단독(1인),남여공용,23.89,5.66,29.55,1,3층,Y,도시형생활주택,,"1,000,000","254,760","27,200,000","101,920","2,000,000","310,230","33,900,000","124,140"
42,서울지역본부,서울특별시,매입다가구(서울노원구),서울특별시 노원구 화랑로51가길 3-24(공릉동) 라티빌7,,302,노원공릉동(라티빌7),열람불가(계약 전 주택 개방),단독(1인),남여공용,25.35,5.99,31.34,1,3층,Y,도시형생활주택,,"1,000,000","273,600","29,100,000","109,680","2,000,000","333,400","36,200,000","133,900"
43,서울지역본부,서울특별시,매입다가구(서울노원구),서울특별시 노원구 화랑로51가길 3-24(공릉동) 라티빌7,,303,노원공릉동(라티빌7),열람불가(계약 전 주택 개방),단독(1인),남여공용,29.84,7.47,37.31,1,3층,Y,도시형생활주택,,"1,000,000","327,610","34,600,000","131,610","2,000,000","399,980","43,100,000","160,230"
44,서울지역본부,서울특별시,매입다가구(서울노원구),서울특별시 노원구 화랑로51가길 3-24(공릉동) 라티빌7,,304,노원공릉동(라티빌7),열람불가(계약 전 주택 개방),단독(1인),남여공용,29.91,7.4,37.31,1,3층,Y,도시형생활주택,,"1,000,000","324,000","34,300,000","129,750","2,000,000","395,500","42,600,000","158,660"
45,서울지역본부,서울특별시,매입다가구(서울노원구),서울특별시 노원구 화랑로51가길 3-24(공릉동) 라티빌7,,305,노원공릉동(라티빌7),열람불가(계약 전 주택 개방),단독(1인),남여공용,29.24,7.25,36.49,1,3층,Y,도시형생활주택,,"1,000,000","316,360","33,500,000","126,770","2,000,000","386,130","41,700,000","154,540"
46,서울지역본부,서울특별시,매입다가구(서울노원구),서울특별시 노원구 화랑로51가길 3-24(공릉동) 라티빌7,,306,노원공릉동(라티빌7),열람불가(계약 전 주택 개방),단독(1인),남여공용,26.2,6.74,32.94,1,3층,Y,도시형생활주택,,"1,000,000","284,650","30,200,000","114,310","2,000,000","347,050","37,600,000","139,380"
47,서울지역본부,서울특별시,매입다가구(서울노원구),서울특별시 노원구 화랑로51가길 3-24(공릉동) 라티빌7,,401,노원공릉동(라티빌7),열람불가(계약 전 주택 개방),단독(1인),남여공용,23.89,5.66,29.55,1,4층,Y,도시형생활주택,,"1,000,000","254,760","27,200,000","101,920","2,000,000","310,230","33,900,000","124,140"
48,서울지역본부,서울특별시,매입다가구(서울노원구),서울특별시 노원구 화랑로51가길 3-24(공릉동) 라티빌7,,402,노원공릉동(라티빌7),열람불가(계약 전 주택 개방),단독(1인),남여공용,29.99,7.47,37.46,1,4층,Y,도시형생활주택,,"1,000,000","338,960","35,800,000","135,960","2,000,000","413,930","44,500,000","166,010"
49,서울지역본부,서울특별시,매입다가구(서울노원구),서울특별시 노원구 화랑로51가길 3-24(공릉동) 라티빌7,,403,노원공릉동(라티빌7),열람불가(계약 전 주택 개방),단독(1인),남여공용,29.9,7.47,37.37,1,4층,Y,도시형생활주택,,"1,000,000","338,910","35,800,000","135,910","2,000,000","413,880","44,500,000","165,960"
50,서울지역본부,서울특별시,매입다가구(서울노원구),서울특별시 노원구 화랑로51가길 3-24(공릉동) 라티빌7,,404,노원공릉동(라티빌7),열람불가(계약 전 주택 개방),단독(1인),남여공용,21.91,5.66,27.57,1,4층,Y,도시형생활주택,,"1,000,000","245,000","26,100,000","98,580","2,000,000","298,300","32,600,000","119,800"
51,서울지역본부,서울특별시,매입다가구(서울노원구),서울특별시 노원구 화랑로51가길 3-24(공릉동) 라티빌7,,501,노원공릉동(라티빌7),열람불가(계약 전 주택 개방),단독(1인),남여공용,23.89,5.66,29.55,1,5층,Y,도시형생활주택,,"1,000,000","254,860","27,200,000","102,020","2,000,000","310,330","33,900,000","124,240"
52,서울지역본부,서울특별시,매입다가구(서울노원구),서울특별시 노원구 화랑로51가길 3-24(공릉동) 라티빌7,,502,노원공릉동(라티빌7),열람불가(계약 전 주택 개방),단독(1인),남여공용,24.1,5.91,30.01,1,5층,Y,도시형생활주택,,"1,000,000","265,960","28,300,000","106,710","2,000,000","324,030","35,300,000","129,780"
53,서울지역본부,서울특별시,매입다가구(서울노원구),서울특별시 노원구 화랑로51가길 3-24(공릉동) 라티빌7,,503,노원공릉동(라티빌7),열람불가(계약 전 주택 개방),단독(1인),남여공용,22.92,5.91,28.83,1,5층,Y,도시형생활주택,,"1,000,000","254,510","27,100,000","102,260","2,000,000","309,980","33,800,000","124,480"
54,서울지역본부,서울특별시,매입다가구(서울노원구),서울특별시 노원구 화랑로51가길 3-24(공릉동) 라티빌7,,504,노원공릉동(라티빌7),열람불가(계약 전 주택 개방),단독(1인),남여공용,21.91,5.66,27.57,1,5층,Y,도시형생활주택,,"1,000,000","244,900","26,100,000","98,480","2,000,000","298,200","32,600,000","119,700"
55,서울지역본부,서울특별시,매입다가구(서울도봉구),서울특별시 도봉구 시루봉로23길 86(도봉동) ,,202,도봉도봉동,열람불가(계약 전 주택 개방),단독(1인),남여공용,15.84,7.502,23.342,1,2층,N,다가구주택,,"1,000,000","273,320","29,100,000","109,400","2,000,000","334,930","36,400,000","134,260"
56,서울지역본부,서울특별시,매입다가구(서울도봉구),"서울특별시 도봉구 시루봉로25길 31(도봉동,허브빌) 허브빌",A,304,도봉도봉동(허브빌),열람불가(계약 전 주택 개방),단독(1인),남여공용,19.908,7.681,27.589,1,3층,Y,다세대주택,,"1,000,000","283,430","30,100,000","113,680","2,000,000","346,960","37,600,000","139,290"
57,서울지역본부,서울특별시,매입다가구(서울도봉구),"서울특별시 도봉구 시루봉로25길 27(도봉동,허브빌) 허브빌",B,202,도봉도봉동(허브빌),열람불가(계약 전 주택 개방),단독(1인),남여공용,20.07,7.819,27.889,1,2층,Y,다세대주택,,"1,000,000","280,970","29,800,000","112,970","2,000,000","343,870","37,300,000","137,950"
58,서울지역본부,서울특별시,매입다가구(서울동대문구),서울특별시 동대문구 답십리로68길 92(장안동) 진성홈타운,101,501,동대문장안동(진성홈타운),열람불가(계약 전 주택 개방),단독(1인),남성전용,44.52,7.89,52.41,2,5층,Y,다세대주택,,"1,000,000","540,820","56,600,000","216,480","2,000,000","665,340","70,400,000","266,340"
59,서울지역본부,서울특별시,매입다가구(서울동대문구),서울특별시 동대문구 답십리로68길 92(장안동) 진성홈타운,102,403,동대문장안동(진성홈타운),열람불가(계약 전 주택 개방),단독(1인),여성전용,17.1,7.73,24.83,2,4층,Y,다세대주택,,"1,000,000","485,210","50,900,000","194,120","2,000,000","598,520","63,500,000","239,770"
60,서울지역본부,서울특별시,매입다가구(서울동대문구),서울특별시 동대문구 이문로 17(회기동) 네스트스위트,,1107,동대문회기동(네스트스위트),열람불가(계약 전 주택 개방),단독(1인),남여공용,15.95,6.77,22.72,1,11층,Y,도시형생활주택,Y,"1,000,000","409,820","43,100,000","164,230","2,000,000","504,330","53,800,000","202,160"
61,서울지역본부,서울특별시,매입다가구(서울동대문구),서울특별시 동대문구 이문로 47(이문동) 자인엠-타워,,402,동대문이문동(자인엠타워),열람불가(계약 전 주택 개방),단독(1인),남여공용,15.99,9.667,25.657,1,4층,Y,오피스텔,,"1,000,000","231,220","24,700,000","92,970","2,000,000","281,930","30,900,000","113,340"
62,서울지역본부,서울특별시,매입다가구(서울동대문구),서울특별시 동대문구 이문로 47(이문동) 자인엠-타워,,504,동대문이문동(자인엠타워),열람불가(계약 전 주택 개방),단독(1인),남여공용,15.99,9.667,25.657,1,5층,Y,오피스텔,,"1,000,000","231,220","24,700,000","92,970","2,000,000","281,930","30,900,000","113,340"
63,서울지역본부,서울특별시,매입다가구(서울동대문구),서울특별시 동대문구 이문로 47(이문동) 자인엠-타워,,602,동대문이문동(자인엠타워),열람불가(계약 전 주택 개방),단독(1인),남여공용,15.99,9.667,25.657,1,6층,Y,오피스텔,,"1,000,000","231,220","24,700,000","92,970","2,000,000","281,930","30,900,000","113,340"
64,서울지역본부,서울특별시,매입다가구(서울동대문구),서울특별시 동대문구 이문로 47(이문동) 자인엠-타워,,805,동대문이문동(자인엠타워),열람불가(계약 전 주택 개방),단독(1인),남여공용,15.99,9.667,25.657,1,8층,Y,오피스텔,,"1,000,000","231,220","24,700,000","92,970","2,000,000","281,930","30,900,000","113,340"
65,서울지역본부,서울특별시,매입다가구(서울동대문구),서울특별시 동대문구 이문로 47(이문동) 자인엠-타워,,806,동대문이문동(자인엠타워),열람불가(계약 전 주택 개방),단독(1인),남여공용,15.99,9.667,25.657,1,8층,Y,오피스텔,,"1,000,000","231,220","24,700,000","92,970","2,000,000","281,930","30,900,000","113,340"
66,서울지역본부,서울특별시,매입다가구(서울동대문구),서울특별시 동대문구 이문로 47(이문동) 자인엠-타워,,1103,동대문이문동(자인엠타워),열람불가(계약 전 주택 개방),단독(1인),남여공용,15.99,9.667,25.657,1,11층,Y,오피스텔,,"1,000,000","231,220","24,700,000","92,970","2,000,000","281,930","30,900,000","113,340"
67,서울지역본부,서울특별시,매입다가구(서울동대문구),서울특별시 동대문구 이문로 47(이문동) 자인엠-타워,,1407,동대문이문동(자인엠타워),열람불가(계약 전 주택 개방),단독(1인),남여공용,30.89,20.922,51.812,1,14층,Y,오피스텔,,"1,000,000","448,670","47,100,000","179,750","2,000,000","552,460","58,800,000","221,120"
68,서울지역본부,서울특별시,매입다가구(서울서대문구),서울특별시 서대문구 이화여대3길 20-5(대현동) 엔트라리움#4,,506,서대문대현동(엔트라리움#4),열람불가(계약 전 주택 개방),단독(1인),남여공용,16.07,5.902,21.972,1,5층,Y,오피스텔,,"1,000,000","294,700","31,300,000","117,950","2,000,000","360,360","39,000,000","144,520"
69,서울지역본부,서울특별시,매입다가구(서울서대문구),서울특별시 서대문구 이화여대3길 20-5(대현동) 엔트라리움#4,,1008,서대문대현동(엔트라리움#4),열람불가(계약 전 주택 개방),단독(1인),남여공용,16.07,5.902,21.972,1,10층,Y,오피스텔,,"1,000,000","297,920","31,600,000","119,420","2,000,000","364,390","39,400,000","146,220"
70,서울지역본부,서울특별시,매입다가구(서울서초구),서울특별시 서초구 강남대로10길 83(양재동) ,3,301,서초양재동,열람불가(계약 전 주택 개방),단독(1인),남여공용,29.98,7.25,37.23,1,3층,Y,도시형생활주택,,"1,000,000","779,420","81,100,000","312,170","2,000,000","959,370","100,600,000","384,200"
71,서울지역본부,서울특별시,매입다가구(서울서초구),서울특별시 서초구 남부순환로337길 22(서초동) 백년빌 A동,A,201,서초서초동(백년빌),열람불가(계약 전 주택 개방),단독(1인),남여공용,26.34,8.03,34.37,1,2층,Y,도시형생활주택,,"1,000,000","605,540","63,200,000","242,700","2,000,000","742,210","78,300,000","297,120"
72,서울지역본부,서울특별시,매입다가구(서울서초구),서울특별시 서초구 남부순환로337길 22(서초동) 백년빌 A동,A,202,서초서초동(백년빌),열람불가(계약 전 주택 개방),단독(1인),남여공용,25.74,7.98,33.72,1,2층,Y,도시형생활주택,,"1,000,000","614,310","64,100,000","246,220","2,000,000","753,060","79,400,000","301,560"
73,서울지역본부,서울특별시,매입다가구(서울서초구),서울특별시 서초구 남부순환로337길 22(서초동) 백년빌 A동,A,203,서초서초동(백년빌),열람불가(계약 전 주택 개방),단독(1인),남여공용,24.14,8,32.14,1,2층,Y,도시형생활주택,,"1,000,000","572,160","59,800,000","229,160","2,000,000","701,160","74,100,000","280,570"
74,서울지역본부,서울특별시,매입다가구(서울서초구),서울특별시 서초구 남부순환로337길 22(서초동) 백년빌 A동,A,204,서초서초동(백년빌),열람불가(계약 전 주택 개방),단독(1인),남여공용,24.14,8,32.14,1,2층,Y,도시형생활주택,,"1,000,000","572,160","59,800,000","229,160","2,000,000","701,160","74,100,000","280,570"
75,서울지역본부,서울특별시,매입다가구(서울서초구),서울특별시 서초구 남부순환로337길 22(서초동) 백년빌 A동,A,205,서초서초동(백년빌),열람불가(계약 전 주택 개방),단독(1인),남여공용,25.59,7.95,33.54,1,2층,Y,도시형생활주택,,"1,000,000","604,150","63,100,000","241,900","2,000,000","740,560","78,100,000","296,640"
76,서울지역본부,서울특별시,매입다가구(서울서초구),서울특별시 서초구 남부순환로337길 22(서초동) 백년빌 A동,A,206,서초서초동(백년빌),열람불가(계약 전 주택 개방),단독(1인),남여공용,26.34,8.03,34.37,1,2층,Y,도시형생활주택,,"1,000,000","598,580","62,500,000","239,830","2,000,000","733,650","77,400,000","293,810"
77,서울지역본부,서울특별시,매입다가구(서울서초구),서울특별시 서초구 남부순환로337길 22(서초동) 백년빌 A동,A,301,서초서초동(백년빌),열람불가(계약 전 주택 개방),단독(1인),남여공용,26.34,8.03,34.37,1,3층,Y,도시형생활주택,,"1,000,000","612,230","63,900,000","245,310","2,000,000","750,460","79,100,000","300,710"
78,서울지역본부,서울특별시,매입다가구(서울서초구),서울특별시 서초구 남부순환로337길 22(서초동) 백년빌 A동,A,302,서초서초동(백년빌),열람불가(계약 전 주택 개방),단독(1인),남여공용,25.74,7.98,33.72,1,3층,Y,도시형생활주택,,"1,000,000","620,830","64,800,000","248,660","2,000,000","761,100","80,200,000","304,930"
79,서울지역본부,서울특별시,매입다가구(서울서초구),서울특별시 서초구 남부순환로337길 22(서초동) 백년빌 A동,A,303,서초서초동(백년빌),열람불가(계약 전 주택 개방),단독(1인),남여공용,24.14,8,32.14,1,3층,Y,도시형생활주택,,"1,000,000","578,680","60,500,000","231,590","2,000,000","709,200","74,900,000","283,950"
80,서울지역본부,서울특별시,매입다가구(서울서초구),서울특별시 서초구 남부순환로337길 22(서초동) 백년빌 A동,A,304,서초서초동(백년빌),열람불가(계약 전 주택 개방),단독(1인),남여공용,23.74,7.96,31.7,1,3층,Y,도시형생활주택,,"1,000,000","545,550","57,100,000","218,300","2,000,000","668,310","70,700,000","267,560"
81,서울지역본부,서울특별시,매입다가구(서울서초구),서울특별시 서초구 남부순환로337길 22(서초동) 백년빌 A동,A,305,서초서초동(백년빌),열람불가(계약 전 주택 개방),단독(1인),남여공용,25.26,7.84,33.1,1,3층,Y,도시형생활주택,,"1,000,000","589,010","61,500,000","236,090","2,000,000","721,910","76,200,000","289,070"
82,서울지역본부,서울특별시,매입다가구(서울서초구),서울특별시 서초구 남부순환로337길 22(서초동) 백년빌 A동,A,306,서초서초동(백년빌),열람불가(계약 전 주택 개방),단독(1인),남여공용,22.89,7.02,29.91,1,3층,Y,도시형생활주택,,"1,000,000","537,890","56,300,000","215,300","2,000,000","659,050","69,700,000","264,130"
83,서울지역본부,서울특별시,매입다가구(서울서초구),서울특별시 서초구 남부순환로337길 22(서초동) 백년빌 A동,A,401,서초서초동(백년빌),열람불가(계약 전 주택 개방),단독(1인),남여공용,25.3,7.75,33.05,1,4층,Y,도시형생활주택,,"1,000,000","602,440","62,900,000","241,350","2,000,000","738,380","77,900,000","295,630"
84,서울지역본부,서울특별시,매입다가구(서울서초구),서울특별시 서초구 남부순환로337길 22(서초동) 백년빌 A동,A,402,서초서초동(백년빌),열람불가(계약 전 주택 개방),단독(1인),남여공용,22.34,6.86,29.2,1,4층,Y,도시형생활주택,,"1,000,000","554,470","58,000,000","221,970","2,000,000","679,400","71,800,000","272,230"
85,서울지역본부,서울특별시,매입다가구(서울서초구),서울특별시 서초구 남부순환로337길 22(서초동) 백년빌 A동,A,403,서초서초동(백년빌),열람불가(계약 전 주택 개방),단독(1인),남여공용,23.1,7.48,30.58,1,4층,Y,도시형생활주택,,"1,000,000","568,560","59,400,000","227,890","2,000,000","696,830","73,600,000","279,160"
86,서울지역본부,서울특별시,매입다가구(서울서초구),서울특별시 서초구 남부순환로337길 22(서초동) 백년빌 A동,A,404,서초서초동(백년빌),열람불가(계약 전 주택 개방),단독(1인),남여공용,23.41,7.15,30.56,1,4층,Y,도시형생활주택,,"1,000,000","586,700","61,300,000","234,950","2,000,000","719,130","75,900,000","288,040"
87,서울지역본부,서울특별시,매입다가구(서울서초구),서울특별시 서초구 남부순환로337길 22(서초동) 백년빌 A동,A,501,서초서초동(백년빌),열람불가(계약 전 주택 개방),단독(1인),남여공용,25.3,7.75,33.05,1,5층,Y,도시형생활주택,,"1,000,000","602,440","62,900,000","241,350","2,000,000","738,380","77,900,000","295,630"
88,서울지역본부,서울특별시,매입다가구(서울서초구),서울특별시 서초구 남부순환로337길 22(서초동) 백년빌 A동,A,502,서초서초동(백년빌),열람불가(계약 전 주택 개방),단독(1인),남여공용,23.94,7.4,31.34,1,5층,Y,도시형생활주택,,"1,000,000","588,960","61,500,000","236,040","2,000,000","721,860","76,200,000","289,020"
89,서울지역본부,서울특별시,매입다가구(서울서초구),서울특별시 서초구 남부순환로337길 22(서초동) 백년빌 A동,A,503,서초서초동(백년빌),열람불가(계약 전 주택 개방),단독(1인),남여공용,26.44,7.94,34.38,1,5층,Y,도시형생활주택,,"1,000,000","633,140","66,100,000","253,390","2,000,000","776,230","81,800,000","310,730"
90,서울지역본부,서울특별시,매입다가구(서울서초구),서울특별시 서초구 남부순환로337길 20(서초동) 백년빌 B동,B,201,서초서초동(백년빌),열람불가(계약 전 주택 개방),단독(1인),남여공용,24.96,7.82,32.78,1,2층,Y,도시형생활주택,,"1,000,000","589,800","61,600,000","236,300","2,000,000","722,960","76,300,000","289,540"
91,서울지역본부,서울특별시,매입다가구(서울서초구),서울특별시 서초구 남부순환로337길 20(서초동) 백년빌 B동,B,202,서초서초동(백년빌),열람불가(계약 전 주택 개방),단독(1인),남여공용,24.79,7.74,32.53,1,2층,Y,도시형생활주택,,"1,000,000","585,510","61,200,000","234,340","2,000,000","717,680","75,800,000","287,180"
92,서울지역본부,서울특별시,매입다가구(서울서초구),서울특별시 서초구 남부순환로337길 20(서초동) 백년빌 B동,B,203,서초서초동(백년빌),열람불가(계약 전 주택 개방),단독(1인),남여공용,23.78,7.95,31.73,1,2층,Y,도시형생활주택,,"1,000,000","558,660","58,400,000","223,820","2,000,000","684,500","72,400,000","273,830"
93,서울지역본부,서울특별시,매입다가구(서울서초구),서울특별시 서초구 남부순환로337길 20(서초동) 백년빌 B동,B,204,서초서초동(백년빌),열람불가(계약 전 주택 개방),단독(1인),남여공용,25.12,7.84,32.96,1,2층,Y,도시형생활주택,,"1,000,000","580,340","60,600,000","232,670","2,000,000","711,250","75,100,000","284,830"
94,서울지역본부,서울특별시,매입다가구(서울서초구),서울특별시 서초구 남부순환로337길 20(서초동) 백년빌 B동,B,205,서초서초동(백년빌),열람불가(계약 전 주택 개방),단독(1인),남여공용,24.25,7.56,31.81,1,2층,Y,도시형생활주택,,"1,000,000","560,190","58,600,000","224,190","2,000,000","686,380","72,500,000","275,130"
95,서울지역본부,서울특별시,매입다가구(서울서초구),서울특별시 서초구 남부순환로337길 20(서초동) 백년빌 B동,B,301,서초서초동(백년빌),열람불가(계약 전 주택 개방),단독(1인),남여공용,22.67,7.09,29.76,1,3층,Y,도시형생활주택,,"1,000,000","535,090","56,000,000","214,250","2,000,000","655,600","69,400,000","262,430"
96,서울지역본부,서울특별시,매입다가구(서울서초구),서울특별시 서초구 남부순환로337길 20(서초동) 백년빌 B동,B,302,서초서초동(백년빌),열람불가(계약 전 주택 개방),단독(1인),남여공용,22.05,6.9,28.95,1,3층,Y,도시형생활주택,,"1,000,000","520,690","54,500,000","208,600","2,000,000","637,860","67,600,000","255,190"
97,서울지역본부,서울특별시,매입다가구(서울서초구),서울특별시 서초구 남부순환로337길 20(서초동) 백년빌 B동,B,303,서초서초동(백년빌),열람불가(계약 전 주택 개방),단독(1인),남여공용,23.78,7.95,31.73,1,3층,Y,도시형생활주택,,"1,000,000","564,780","59,000,000","226,440","2,000,000","692,050","73,100,000","277,300"
98,서울지역본부,서울특별시,매입다가구(서울서초구),서울특별시 서초구 남부순환로337길 20(서초동) 백년빌 B동,B,304,서초서초동(백년빌),열람불가(계약 전 주택 개방),단독(1인),남여공용,25.12,7.84,32.96,1,3층,Y,도시형생활주택,,"1,000,000","586,560","61,300,000","234,810","2,000,000","718,900","75,900,000","287,810"
99,서울지역본부,서울특별시,매입다가구(서울서초구),서울특별시 서초구 남부순환로337길 20(서초동) 백년빌 B동,B,305,서초서초동(백년빌),열람불가(계약 전 주택 개방),단독(1인),남여공용,24.25,7.56,31.81,1,3층,Y,도시형생활주택,,"1,000,000","566,190","59,200,000","226,690","2,000,000","693,760","73,300,000","277,840"
100,서울지역본부,서울특별시,매입다가구(서울서초구),서울특별시 서초구 남부순환로337길 20(서초동) 백년빌 B동,B,401,서초서초동(백년빌),열람불가(계약 전 주택 개방),단독(1인),남여공용,25.35,7.72,33.07,1,4층,Y,도시형생활주택,,"1,000,000","628,810","65,600,000","251,970","2,000,000","770,900","81,200,000","308,900"
101,서울지역본부,서울특별시,매입다가구(서울서초구),서울특별시 서초구 남부순환로337길 20(서초동) 백년빌 B동,B,402,서초서초동(백년빌),열람불가(계약 전 주택 개방),단독(1인),남여공용,25.23,8.35,33.58,1,4층,Y,도시형생활주택,,"1,000,000","604,440","63,100,000","242,190","2,000,000","741,030","78,200,000","296,530"
102,서울지역본부,서울특별시,매입다가구(서울서초구),서울특별시 서초구 남부순환로337길 20(서초동) 백년빌 B동,B,403,서초서초동(백년빌),열람불가(계약 전 주택 개방),단독(1인),남여공용,25.12,7.84,32.96,1,4층,Y,도시형생활주택,,"1,000,000","586,560","61,300,000","234,810","2,000,000","718,900","75,900,000","287,810"
103,서울지역본부,서울특별시,매입다가구(서울서초구),서울특별시 서초구 남부순환로337길 20(서초동) 백년빌 B동,B,404,서초서초동(백년빌),열람불가(계약 전 주택 개방),단독(1인),남여공용,24.25,7.56,31.81,1,4층,Y,도시형생활주택,,"1,000,000","566,190","59,200,000","226,690","2,000,000","693,760","73,300,000","277,840"
104,서울지역본부,서울특별시,매입다가구(서울서초구),서울특별시 서초구 남부순환로337길 20(서초동) 백년빌 B동,B,501,서초서초동(백년빌),열람불가(계약 전 주택 개방),단독(1인),남여공용,25.35,7.72,33.07,1,5층,Y,도시형생활주택,,"1,000,000","602,470","62,900,000","241,380","2,000,000","738,450","77,900,000","295,700"
105,서울지역본부,서울특별시,매입다가구(서울서초구),서울특별시 서초구 남부순환로337길 20(서초동) 백년빌 B동,B,502,서초서초동(백년빌),열람불가(계약 전 주택 개방),단독(1인),남여공용,25.23,8.35,33.58,1,5층,Y,도시형생활주택,,"1,000,000","604,440","63,100,000","242,190","2,000,000","741,030","78,200,000","296,530"
106,서울지역본부,서울특별시,매입다가구(서울서초구),서울특별시 서초구 남부순환로337길 20(서초동) 백년빌 B동,B,503,서초서초동(백년빌),열람불가(계약 전 주택 개방),단독(1인),남여공용,25.12,7.84,32.96,1,5층,Y,도시형생활주택,,"1,000,000","586,560","61,300,000","234,810","2,000,000","718,900","75,900,000","287,810"
107,서울지역본부,서울특별시,매입다가구(서울서초구),서울특별시 서초구 남부순환로337길 20(서초동) 백년빌 B동,B,504,서초서초동(백년빌),열람불가(계약 전 주택 개방),단독(1인),남여공용,24.25,7.56,31.81,1,5층,Y,도시형생활주택,,"1,000,000","566,190","59,200,000","226,690","2,000,000","693,760","73,300,000","277,840"
108,서울지역본부,서울특별시,매입다가구(서울성북구),서울특별시 성북구 장위로21나길 63(장위동) ,,402,성북장위동,열람불가(계약 전 주택 개방),단독(1인),남여공용,14.85,5.95,20.8,1,4층,N,다가구주택,,"1,000,000","152,390","16,600,000","61,390","2,000,000","184,790","21,000,000","73,950"
109,서울지역본부,서울특별시,매입다가구(서울성북구),서울특별시 성북구 정릉로21길 62-4(정릉동) 형지리버빌,,202,성북정릉동(형지리버빌),열람불가(계약 전 주택 개방),단독(1인),여성전용,29.31,4.92,34.23,1,2층,N,다세대주택,,"1,000,000","348,020","36,700,000","139,770","2,000,000","427,190","45,900,000","171,100"
110,서울지역본부,서울특별시,매입다가구(서울양천구),서울특별시 양천구 가로공원로66길 11-2(신월동) ,,302,양천신월동,열람불가(계약 전 주택 개방),단독(1인),남여공용,16.92,7.25,24.17,1,3층,N,다가구주택,,"1,000,000","228,170","24,400,000","91,670","2,000,000","281,340","30,900,000","112,750"
111,서울지역본부,서울특별시,매입다가구(서울양천구),서울특별시 양천구 신정중앙로 60(신정동) 스타힐스,B,502,양천신정동(스타힐스),열람불가(계약 전 주택 개방),단독(1인),남여공용,29.92,8.14,38.06,1,5층,Y,도시형생활주택,,"1,000,000","410,240","43,100,000","164,650","2,000,000","500,710","53,500,000","200,290"
112,서울지역본부,서울특별시,매입다가구(서울양천구),"서울특별시 양천구 오목로 147(신정동,제이클래스목동주상복합) ",,403,양천신정동(제이클래스목동),열람불가(계약 전 주택 개방),단독(1인),남여공용,19.01,10.08,29.09,1,4층,Y,오피스텔,,"1,000,000","235,760","25,200,000","94,590","2,000,000","287,010","31,500,000","114,920"
113,서울지역본부,서울특별시,매입다가구(서울양천구),"서울특별시 양천구 오목로 147(신정동,제이클래스목동주상복합) ",,512,양천신정동(제이클래스목동),열람불가(계약 전 주택 개방),단독(1인),남여공용,19.31,10.83,30.14,1,5층,Y,오피스텔,,"1,000,000","242,710","25,900,000","97,460","2,000,000","295,520","32,300,000","118,770"
114,서울지역본부,서울특별시,매입다가구(서울영등포구),서울특별시 영등포구 대림로29가길 10(대림동) 데에이치대림4차,101,201,영등포대림동(데에이치대림4차),열람불가(계약 전 주택 개방),단독(1인),남여공용,29.97,10.03,40,2,2층,Y,도시형생활주택,,"1,000,000","482,150","50,500,000","193,400","2,000,000","591,400","62,800,000","236,730"
115,서울지역본부,서울특별시,매입다가구(서울영등포구),서울특별시 영등포구 대림로29가길 10(대림동) 데에이치대림4차,101,301,영등포대림동(데에이치대림4차),열람불가(계약 전 주택 개방),단독(1인),남여공용,29.97,10.03,40,2,3층,Y,도시형생활주택,,"1,000,000","491,150","51,500,000","196,560","2,000,000","602,640","63,900,000","241,550"
116,서울지역본부,서울특별시,매입다가구(서울영등포구),서울특별시 영등포구 대림로31길 28(대림동) 시그니처 732,,302,영등포대림동(시그니처 732),열람불가(계약 전 주택 개방),단독(1인),남여공용,26.12,6.23,32.35,1,3층,Y,도시형생활주택,,"1,000,000","379,590","40,000,000","152,090","2,000,000","463,880","49,700,000","185,630"
117,서울지역본부,서울특별시,매입다가구(서울영등포구),"서울특별시 영등포구 대림로35나길 20(대림동,다이얼로그737) ",,311,영등포대림동(다이얼로그737),열람불가(계약 전 주택 개방),단독(1인),남여공용,26.53,10.96,37.49,1,3층,Y,도시형생활주택,,"1,000,000","482,080","50,500,000","193,330","2,000,000","591,530","62,800,000","236,860"
118,서울지역본부,서울특별시,매입다가구(서울영등포구),"서울특별시 영등포구 대림로35나길 20(대림동,다이얼로그737) ",,314,영등포대림동(다이얼로그737),열람불가(계약 전 주택 개방),단독(1인),남여공용,22.26,9.03,31.29,1,3층,Y,도시형생활주택,,"1,000,000","402,740","42,400,000","161,240","2,000,000","493,710","52,700,000","197,960"
119,서울지역본부,서울특별시,매입다가구(서울영등포구),"서울특별시 영등포구 대림로35나길 20(대림동,다이얼로그737) ",,412,영등포대림동(다이얼로그737),열람불가(계약 전 주택 개방),단독(1인),남여공용,22.23,9.06,31.29,1,4층,Y,도시형생활주택,,"1,000,000","402,740","42,400,000","161,240","2,000,000","493,710","52,700,000","197,960"
120,서울지역본부,서울특별시,매입다가구(서울영등포구),"서울특별시 영등포구 대림로35나길 20(대림동,다이얼로그737) ",,515,영등포대림동(다이얼로그737),열람불가(계약 전 주택 개방),단독(1인),남여공용,28.45,11.59,40.04,1,5층,Y,도시형생활주택,,"1,000,000","489,130","51,300,000","195,710","2,000,000","599,790","63,600,000","240,450"
121,서울지역본부,서울특별시,매입다가구(서울영등포구),"서울특별시 영등포구 대림로35나길 20(대림동,다이얼로그737) ",,601,영등포대림동(다이얼로그737),열람불가(계약 전 주택 개방),단독(1인),남여공용,27.6,11.07,38.67,1,6층,Y,도시형생활주택,,"1,000,000","478,290","50,100,000","191,870","2,000,000","586,540","62,300,000","234,790"
122,서울지역본부,서울특별시,매입다가구(서울영등포구),서울특별시 영등포구 영등포로49길 9-14(영등포동2가) 뜰아래,101,407,영등포영등포동2가(뜰아래),열람불가(계약 전 주택 개방),단독(1인),남여공용,28.0539,33.9221,61.976,1,4층,Y,오피스텔,,"1,000,000","374,010","39,400,000","150,010","2,000,000","457,530","49,000,000","183,360"
123,서울지역본부,서울특별시,매입다가구(서울영등포구),서울특별시 영등포구 영등포로49길 9-14(영등포동2가) 뜰아래,102,1001,영등포영등포동2가(뜰아래),열람불가(계약 전 주택 개방),단독(1인),남여공용,19.8833,11.9864,31.8697,1,10층,Y,도시형생활주택,,"1,000,000","431,660","45,300,000","173,240","2,000,000","532,380","56,700,000","213,290"
124,서울지역본부,서울특별시,매입다가구(서울용산구),서울특별시 용산구 원효로 109(원효로3가) 용산 클라우드 나인,,307,용산원효로3가(클라우드나인),열람불가(계약 전 주택 개방),단독(1인),남여공용,18.7263,16.7659,35.4922,1,3층,Y,오피스텔,,"1,000,000","374,280","39,400,000","150,280","2,000,000","458,200","49,100,000","183,450"
125,서울지역본부,서울특별시,매입다가구(서울용산구),서울특별시 용산구 원효로 109(원효로3가) 용산 클라우드 나인,,505,용산원효로3가(클라우드나인),열람불가(계약 전 주택 개방),단독(1인),남여공용,17.0764,15.366,32.4424,1,5층,Y,오피스텔,,"1,000,000","353,570","37,300,000","141,820","2,000,000","432,890","46,500,000","173,300"
126,서울지역본부,서울특별시,매입다가구(서울은평구),서울특별시 은평구 가좌로7길 9-10(응암동) 나린하우징3차,나,303,은평응암동(나린하우징3차),열람불가(계약 전 주택 개방),단독(1인),남여공용,29.97,4.02,33.99,1,3층,Y,다세대주택,,"1,000,000","441,180","46,300,000","176,930","2,000,000","543,580","57,900,000","217,490"
127,서울지역본부,서울특별시,매입다가구(서울은평구),"서울특별시 은평구 서오릉로4길 24(녹번동,동산주택) 동산주택 A동",,401,은평녹번동(동산주택),열람불가(계약 전 주택 개방),단독(1인),남여공용,30,5.5,35.5,1,4층,Y,다세대주택,,"1,000,000","341,170","36,000,000","137,000","2,000,000","417,470","44,900,000","167,220"
128,서울지역본부,서울특별시,매입다가구(서울은평구),서울특별시 은평구 응암로29길 20(응암동) 예그리나6차,,602,은평응암동(예그리나6차),열람불가(계약 전 주택 개방),단독(1인),남여공용,28.55,7.577,36.127,1,6층,Y,오피스텔,,"1,000,000","328,050","34,700,000","131,460","2,000,000","401,350","43,200,000","161,010"
129,서울지역본부,서울특별시,매입다가구(서울종로구),서울특별시 종로구 난계로29길 13(숭인동) 종로더블유스퀘어,,205,종로숭인동(더블유스퀘어),열람불가(계약 전 주택 개방),단독(1인),남여공용,21.79,10.7685,32.5585,1,2층,Y,오피스텔,,"1,000,000","291,340","30,900,000","116,920","2,000,000","354,680","38,400,000","142,340"
130,서울지역본부,서울특별시,매입다가구(서울종로구),서울특별시 종로구 종로 339-10(창신동) 화인비스타 에이,,204,종로창신동(화인비스타),열람불가(계약 전 주택 개방),단독(1인),남여공용,29.37,13.2,42.57,1,2층,Y,오피스텔,,"1,000,000","438,220","46,000,000","175,720","2,000,000","535,720","57,100,000","214,300"
131,서울지역본부,서울특별시,매입다가구(서울종로구),서울특별시 종로구 종로 339-10(창신동) 화인비스타 에이,,205,종로창신동(화인비스타),열람불가(계약 전 주택 개방),단독(1인),남여공용,29.29,13.25,42.54,1,2층,Y,오피스텔,,"1,000,000","438,120","46,000,000","175,620","2,000,000","535,620","57,000,000","214,780"
132,서울지역본부,서울특별시,매입다가구(서울종로구),서울특별시 종로구 종로 339-10(창신동) 화인비스타 에이,,306,종로창신동(화인비스타),열람불가(계약 전 주택 개방),단독(1인),남여공용,28.01,13.09,41.1,1,3층,Y,오피스텔,,"1,000,000","430,410","45,200,000","172,570","2,000,000","526,180","56,100,000","210,590"
133,서울지역본부,서울특별시,매입다가구(서울종로구),서울특별시 종로구 종로 339-10(창신동) 화인비스타 에이,,501,종로창신동(화인비스타),열람불가(계약 전 주택 개방),단독(1인),남여공용,29.98,14.04,44.02,1,5층,Y,오피스텔,,"1,000,000","455,060","47,800,000","182,060","2,000,000","556,460","59,200,000","222,790"
134,서울지역본부,서울특별시,매입다가구(서울종로구),서울특별시 종로구 종로 339-10(창신동) 화인비스타 에이,,706,종로창신동(화인비스타),열람불가(계약 전 주택 개방),단독(1인),남여공용,29.77,13.7,43.47,1,7층,Y,다세대주택,,"1,000,000","461,680","48,400,000","185,180","2,000,000","564,810","60,000,000","226,470"
135,서울지역본부,서울특별시,매입다가구(서울종로구),서울특별시 종로구 종로31길 43(인의동) 루비온 오피스텔,,214,종로인의동(루비온오피스텔),열람불가(계약 전 주택 개방),단독(1인),남여공용,18.2,0,18.2,1,2층,Y,오피스텔,,"1,000,000","294,650","31,300,000","117,900","2,000,000","360,170","39,000,000","144,330"
136,서울지역본부,서울특별시,매입다가구(서울종로구),서울특별시 종로구 종로31길 43(인의동) 루비온 오피스텔,,512,종로인의동(루비온오피스텔),열람불가(계약 전 주택 개방),단독(1인),남여공용,18.2,0,18.2,1,5층,Y,오피스텔,,"1,000,000","304,690","32,300,000","122,100","2,000,000","372,720","40,300,000","149,300"
137,서울지역본부,서울특별시,매입다가구(서울종로구),서울특별시 종로구 종로56길 23(숭인동) 시티플러스,,907,종로숭인동(시티플러스),열람불가(계약 전 주택 개방),단독(1인),남여공용,18.74,22.8829,41.6229,1,9층,Y,오피스텔,,"1,000,000","288,630","30,600,000","115,960","2,000,000","352,770","38,200,000","141,600"
138,서울지역본부,서울특별시,매입다가구(서울종로구),서울특별시 종로구 종로63길 20(숭인동) ,제1동,202,종로숭인동,열람불가(계약 전 주택 개방),단독(1인),남여공용,23.94,4.96,28.9,1,2층,Y,도시형생활주택,,"1,000,000","419,230","44,100,000","167,810","2,000,000","515,010","54,900,000","206,420"
139,서울지역본부,서울특별시,매입다가구(서울종로구),서울특별시 종로구 종로65길 12-26(숭인동) 미래지안,,206,종로숭인동(미래지안),열람불가(계약 전 주택 개방),단독(1인),남여공용,23.96,9.36,33.32,1,2층,Y,오피스텔,,"1,000,000","293,240","31,100,000","117,650","2,000,000","357,100","38,700,000","143,010"
140,서울지역본부,서울특별시,매입다가구(서울중구),"서울특별시 중구 동호로33길 15(오장동,오렌지카운티을지로) ",,807,중구오장동(오렌지카운티),열람불가(계약 전 주택 개방),단독(1인),남여공용,15.79,18.57,34.36,1,8층,Y,도시형생활주택,,"1,000,000","340,820","36,000,000","136,650","2,000,000","417,720","44,900,000","167,470"
141,서울지역본부,서울특별시,매입다가구(서울중구),"서울특별시 중구 동호로33길 15(오장동,오렌지카운티을지로) ",,913,중구오장동(오렌지카운티),열람불가(계약 전 주택 개방),단독(1인),남여공용,15.79,18.01,33.8,1,9층,Y,도시형생활주택,,"1,000,000","338,450","35,800,000","135,450","2,000,000","414,840","44,600,000","166,340"
142,서울지역본부,서울특별시,매입다가구(서울중구),"서울특별시 중구 동호로33길 15(오장동,오렌지카운티을지로) ",,1312,중구오장동(오렌지카운티),열람불가(계약 전 주택 개방),단독(1인),남여공용,15.79,18.01,33.8,1,13층,Y,도시형생활주택,,"1,000,000","341,580","36,100,000","136,830","2,000,000","418,750","45,000,000","167,910"
143,서울지역본부,서울특별시,매입다가구(서울중구),서울특별시 중구 마른내로 106(오장동) 정석그라시아,,403,중구오장동(정석그라시아),열람불가(계약 전 주택 개방),단독(1인),남여공용,21.17,17.75,38.92,1,4층,Y,오피스텔,,"1,000,000","342,190","36,100,000","137,440","2,000,000","418,110","45,000,000","167,270"
144,서울지역본부,서울특별시,매입다가구(서울중구),서울특별시 중구 마른내로 106(오장동) 정석그라시아,,604,중구오장동(정석그라시아),열람불가(계약 전 주택 개방),단독(1인),남여공용,20.81,17.42,38.23,1,6층,Y,오피스텔,,"1,000,000","340,210","35,900,000","136,620","2,000,000","415,750","44,700,000","166,660"
145,서울지역본부,서울특별시,매입다가구(서울중구),서울특별시 중구 왕십리로 397(신당동) 왕십리 큐브스테이트,,304,중구신당동(왕십리큐브스테이트),열람불가(계약 전 주택 개방),단독(1인),남여공용,35.83,16.92,52.75,1,3층,Y,오피스텔,Y,"1,000,000","662,590","69,100,000","265,340","2,000,000","813,790","85,700,000","325,540"
146,서울지역본부,서울특별시,매입다가구(서울중구),서울특별시 중구 왕십리로 397(신당동) 왕십리 큐브스테이트,,305,중구신당동(왕십리큐브스테이트),열람불가(계약 전 주택 개방),단독(1인),남여공용,35.83,16.92,52.75,1,3층,Y,오피스텔,Y,"1,000,000","662,590","69,100,000","265,340","2,000,000","813,790","85,700,000","325,540"
147,서울지역본부,서울특별시,매입다가구(서울중구),서울특별시 중구 왕십리로 397(신당동) 왕십리 큐브스테이트,,502,중구신당동(왕십리큐브스테이트),열람불가(계약 전 주택 개방),단독(1인),남여공용,36.98,17.07,54.05,1,5층,Y,오피스텔,Y,"1,000,000","698,820","72,800,000","279,980","2,000,000","858,570","90,300,000","343,480"
148,서울지역본부,서울특별시,매입다가구(서울중구),서울특별시 중구 왕십리로 397(신당동) 왕십리 큐브스테이트,,507,중구신당동(왕십리큐브스테이트),열람불가(계약 전 주택 개방),단독(1인),남여공용,34.05,15.88,49.93,1,5층,Y,오피스텔,Y,"1,000,000","644,870","67,300,000","258,120","2,000,000","792,020","83,400,000","317,180"
149,서울지역본부,서울특별시,매입다가구(서울중구),서울특별시 중구 왕십리로 397(신당동) 왕십리 큐브스테이트,,602,중구신당동(왕십리큐브스테이트),열람불가(계약 전 주택 개방),단독(1인),남여공용,36.98,17.07,54.05,1,6층,Y,오피스텔,Y,"1,000,000","698,990","72,800,000","280,150","2,000,000","858,740","90,300,000","343,650"
150,서울지역본부,서울특별시,매입다가구(서울중구),서울특별시 중구 왕십리로 397(신당동) 왕십리 큐브스테이트,,606,중구신당동(왕십리큐브스테이트),열람불가(계약 전 주택 개방),단독(1인),남여공용,35.83,16.92,52.75,1,6층,Y,오피스텔,Y,"1,000,000","675,680","70,400,000","270,840","2,000,000","830,030","87,300,000","332,440"
151,서울지역본부,서울특별시,매입다가구(서울중구),서울특별시 중구 왕십리로 397(신당동) 왕십리 큐브스테이트,,807,중구신당동(왕십리큐브스테이트),열람불가(계약 전 주택 개방),단독(1인),남여공용,34.05,15.88,49.93,1,8층,Y,오피스텔,Y,"1,000,000","658,090","68,600,000","263,750","2,000,000","808,390","85,100,000","323,640"
152,서울지역본부,서울특별시,매입다가구(서울중구),서울특별시 중구 왕십리로 397(신당동) 왕십리 큐브스테이트,,1103,중구신당동(왕십리큐브스테이트),열람불가(계약 전 주택 개방),단독(1인),남여공용,35.83,16.92,52.75,1,11층,Y,오피스텔,Y,"1,000,000","696,460","72,600,000","278,790","2,000,000","855,760","90,000,000","342,420"
153,서울지역본부,서울특별시,매입다가구(서울중구),서울특별시 중구 왕십리로 397(신당동) 왕십리 큐브스테이트,,1104,중구신당동(왕십리큐브스테이트),열람불가(계약 전 주택 개방),단독(1인),남여공용,35.83,16.92,52.75,1,11층,Y,오피스텔,Y,"1,000,000","696,460","72,600,000","278,790","2,000,000","855,760","90,000,000","342,420"
154,서울지역본부,서울특별시,매입다가구(서울중구),서울특별시 중구 왕십리로 397(신당동) 왕십리 큐브스테이트,,1105,중구신당동(왕십리큐브스테이트),열람불가(계약 전 주택 개방),단독(1인),남여공용,35.83,16.92,52.75,1,11층,Y,오피스텔,Y,"1,000,000","696,460","72,600,000","278,790","2,000,000","855,760","90,000,000","342,420"
155,서울지역본부,서울특별시,매입다가구(서울중구),서울특별시 중구 왕십리로 397(신당동) 왕십리 큐브스테이트,,1206,중구신당동(왕십리큐브스테이트),열람불가(계약 전 주택 개방),단독(1인),남여공용,35.83,16.92,52.75,1,12층,Y,오피스텔,Y,"1,000,000","696,460","72,600,000","278,790","2,000,000","855,760","90,000,000","342,420"
156,서울지역본부,서울특별시,매입다가구(서울중구),서울특별시 중구 왕십리로 397(신당동) 왕십리 큐브스테이트,,1404,중구신당동(왕십리큐브스테이트),열람불가(계약 전 주택 개방),단독(1인),남여공용,35.83,16.92,52.75,1,14층,Y,오피스텔,Y,"1,000,000","696,460","72,600,000","278,790","2,000,000","855,760","90,000,000","342,420"
157,서울지역본부,서울특별시,매입다가구(서울중구),서울특별시 중구 왕십리로 397(신당동) 왕십리 큐브스테이트,,1604,중구신당동(왕십리큐브스테이트),열람불가(계약 전 주택 개방),단독(1인),남여공용,35.83,16.93,52.76,1,16층,Y,오피스텔,Y,"1,000,000","696,460","72,600,000","278,790","2,000,000","855,760","90,000,000","342,420"
158,서울지역본부,서울특별시,매입다가구(서울중구),서울특별시 중구 퇴계로71길 36(신당동) ,,202,중구신당동,열람불가(계약 전 주택 개방),단독(1인),남여공용,22.29,15.02,37.31,1,2층,Y,오피스텔,Y,"1,000,000","423,160","44,500,000","169,410","2,000,000","518,980","55,300,000","208,060"
159,서울지역본부,서울특별시,매입다가구(서울중랑구),"서울특별시 중랑구 봉우재로37길 17(상봉동,상봉 힐스테이) 상봉 힐스테이",,302,중랑상봉동(상봉힐스테이),열람불가(계약 전 주택 개방),단독(1인),남여공용,14.75,9.16,23.91,1,3층,Y,도시형생활주택,,"1,000,000","316,780","33,500,000","127,190","2,000,000","387,850","41,800,000","155,680"
160,서울지역본부,서울특별시,매입다가구(서울중랑구),"서울특별시 중랑구 봉우재로37길 17(상봉동,상봉 힐스테이) 상봉 힐스테이",,303,중랑상봉동(상봉힐스테이),열람불가(계약 전 주택 개방),단독(1인),남여공용,14.47,9.02,23.49,1,3층,Y,도시형생활주택,,"1,000,000","276,970","29,400,000","111,300","2,000,000","338,500","36,800,000","135,500"
161,서울지역본부,서울특별시,매입다가구(서울중랑구),"서울특별시 중랑구 봉우재로37길 17(상봉동,상봉 힐스테이) 상봉 힐스테이",,304,중랑상봉동(상봉힐스테이),열람불가(계약 전 주택 개방),단독(1인),남여공용,14.75,9.16,23.91,1,3층,Y,도시형생활주택,,"1,000,000","316,780","33,500,000","127,190","2,000,000","387,850","41,800,000","155,680"
162,서울지역본부,서울특별시,매입다가구(서울중랑구),"서울특별시 중랑구 봉우재로37길 17(상봉동,상봉 힐스테이) 상봉 힐스테이",,402,중랑상봉동(상봉힐스테이),열람불가(계약 전 주택 개방),단독(1인),남여공용,14.75,9.16,23.91,1,4층,Y,도시형생활주택,,"1,000,000","322,050","34,100,000","128,960","2,000,000","394,420","42,500,000","158,170"
163,서울지역본부,서울특별시,매입다가구(서울중랑구),"서울특별시 중랑구 봉우재로37길 17(상봉동,상봉 힐스테이) 상봉 힐스테이",,403,중랑상봉동(상봉힐스테이),열람불가(계약 전 주택 개방),단독(1인),남여공용,14.47,9.02,23.49,1,4층,Y,도시형생활주택,,"1,000,000","282,230","30,000,000","113,060","2,000,000","345,060","37,400,000","138,560"
164,서울지역본부,서울특별시,매입다가구(서울중랑구),"서울특별시 중랑구 봉우재로37길 17(상봉동,상봉 힐스테이) 상봉 힐스테이",,404,중랑상봉동(상봉힐스테이),열람불가(계약 전 주택 개방),단독(1인),남여공용,14.75,9.16,23.91,1,4층,Y,도시형생활주택,,"1,000,000","322,050","34,100,000","128,960","2,000,000","394,420","42,500,000","158,170"
165,서울지역본부,서울특별시,매입다가구(서울중랑구),"서울특별시 중랑구 봉우재로37길 17(상봉동,상봉 힐스테이) 상봉 힐스테이",,502,중랑상봉동(상봉힐스테이),열람불가(계약 전 주택 개방),단독(1인),남여공용,14.75,9.16,23.91,1,5층,Y,도시형생활주택,,"1,000,000","330,880","35,000,000","132,540","2,000,000","405,410","43,600,000","162,740"
166,서울지역본부,서울특별시,매입다가구(서울중랑구),"서울특별시 중랑구 봉우재로37길 17(상봉동,상봉 힐스테이) 상봉 힐스테이",,503,중랑상봉동(상봉힐스테이),열람불가(계약 전 주택 개방),단독(1인),남여공용,14.47,9.02,23.49,1,5층,Y,도시형생활주택,,"1,000,000","287,600","30,500,000","115,510","2,000,000","351,730","38,100,000","141,140"
167,서울지역본부,서울특별시,매입다가구(서울중랑구),"서울특별시 중랑구 봉우재로37길 17(상봉동,상봉 힐스테이) 상봉 힐스테이",,602,중랑상봉동(상봉힐스테이),열람불가(계약 전 주택 개방),단독(1인),남여공용,14.75,9.16,23.91,1,6층,Y,도시형생활주택,,"1,000,000","334,380","35,300,000","134,290","2,000,000","409,780","44,100,000","164,190"
168,서울지역본부,서울특별시,매입다가구(서울중랑구),"서울특별시 중랑구 봉우재로37길 17(상봉동,상봉 힐스테이) 상봉 힐스테이",,603,중랑상봉동(상봉힐스테이),열람불가(계약 전 주택 개방),단독(1인),남여공용,14.47,9.02,23.49,1,6층,Y,도시형생활주택,,"1,000,000","291,100","30,900,000","116,680","2,000,000","356,100","38,600,000","142,600"
169,서울지역본부,서울특별시,매입다가구(서울중랑구),"서울특별시 중랑구 봉우재로37길 17(상봉동,상봉 힐스테이) 상봉 힐스테이",,703,중랑상봉동(상봉힐스테이),열람불가(계약 전 주택 개방),단독(1인),남여공용,14.47,9.02,23.49,1,7층,Y,도시형생활주택,,"1,000,000","291,100","30,900,000","116,680","2,000,000","356,100","38,600,000","142,600"
170,서울지역본부,서울특별시,매입다가구(서울중랑구),"서울특별시 중랑구 봉우재로37길 17(상봉동,상봉 힐스테이) 상봉 힐스테이",,803,중랑상봉동(상봉힐스테이),열람불가(계약 전 주택 개방),단독(1인),남여공용,14.47,9.02,23.49,1,8층,Y,도시형생활주택,,"1,000,000","291,100","30,900,000","116,680","2,000,000","356,100","38,600,000","142,600"
171,서울지역본부,서울특별시,매입다가구(서울중랑구),"서울특별시 중랑구 봉우재로37길 17(상봉동,상봉 힐스테이) 상봉 힐스테이",,903,중랑상봉동(상봉힐스테이),열람불가(계약 전 주택 개방),단독(1인),남여공용,14.47,9.02,23.49,1,9층,Y,도시형생활주택,,"1,000,000","292,990","31,100,000","117,400","2,000,000","358,420","38,800,000","143,750"
172,서울지역본부,서울특별시,매입다가구(서울중랑구),"서울특별시 중랑구 봉우재로37길 17(상봉동,상봉 힐스테이) 상봉 힐스테이",,1003,중랑상봉동(상봉힐스테이),열람불가(계약 전 주택 개방),단독(1인),남여공용,14.47,9.02,23.49,1,10층,Y,도시형생활주택,,"1,000,000","292,990","31,100,000","117,400","2,000,000","358,420","38,800,000","143,750"
173,서울지역본부,서울특별시,매입다가구(서울중랑구),"서울특별시 중랑구 봉우재로37길 17(상봉동,상봉 힐스테이) 상봉 힐스테이",,1103,중랑상봉동(상봉힐스테이),열람불가(계약 전 주택 개방),단독(1인),남여공용,14.47,9.02,23.49,1,11층,Y,도시형생활주택,,"1,000,000","296,490","31,400,000","119,150","2,000,000","362,790","39,300,000","145,200"
174,서울지역본부,서울특별시,매입다가구(서울중랑구),"서울특별시 중랑구 봉우재로37길 17(상봉동,상봉 힐스테이) 상봉 힐스테이",,1203,중랑상봉동(상봉힐스테이),열람불가(계약 전 주택 개방),단독(1인),남여공용,14.47,9.02,23.49,1,12층,Y,도시형생활주택,,"1,000,000","296,660","31,500,000","118,740","2,000,000","362,960","39,300,000","145,370"
175,서울지역본부,서울특별시,매입다가구(서울중랑구),"서울특별시 중랑구 봉우재로37길 17(상봉동,상봉 힐스테이) 상봉 힐스테이",,1303,중랑상봉동(상봉힐스테이),열람불가(계약 전 주택 개방),단독(1인),남여공용,14.47,9.02,23.49,1,13층,Y,도시형생활주택,,"1,000,000","296,690","31,500,000","118,770","2,000,000","362,990","39,300,000","145,400"
176,서울지역본부,서울특별시,매입다가구(서울중랑구),"서울특별시 중랑구 봉우재로37길 17(상봉동,상봉 힐스테이) 상봉 힐스테이",,1402,중랑상봉동(상봉힐스테이),열람불가(계약 전 주택 개방),단독(1인),남여공용,25.06,11.03,36.09,1,14층,Y,오피스텔,,"1,000,000","335,630","35,500,000","134,380","2,000,000","410,600","44,200,000","164,430"
177,서울지역본부,서울특별시,매입다가구(서울중랑구),"서울특별시 중랑구 봉우재로37길 17(상봉동,상봉 힐스테이) 상봉 힐스테이",,1403,중랑상봉동(상봉힐스테이),열람불가(계약 전 주택 개방),단독(1인),남여공용,21.14,9.79,30.93,1,14층,Y,오피스텔,,"1,000,000","280,490","29,800,000","112,490","2,000,000","342,460","37,200,000","137,120"
178,서울지역본부,서울특별시,매입다가구(서울중랑구),"서울특별시 중랑구 봉우재로37길 17(상봉동,상봉 힐스테이) 상봉 힐스테이",,1404,중랑상봉동(상봉힐스테이),열람불가(계약 전 주택 개방),단독(1인),남여공용,25.06,11.03,36.09,1,14층,Y,오피스텔,,"1,000,000","335,630","35,500,000","134,380","2,000,000","410,600","44,200,000","164,430"
